Gender,Stroke,PrelimsTime,FinalsTime,Lane
F,Fly,59.47,57.93,Inside
F,Fly,60.16,59.81,Inside
F,Fly,61.82,61.65,Outside
F,Fly,61.77,61.96,Outside
F,Fly,65.89,65.05,Inside
F,Fly,66.46,66.99,Inside
F,Fly,85.82,86.39,Outside
F,Fly,79.62,89.28999999999999,Outside
M,Fly,50.63,50.9,Inside
M,Fly,51.16,51.65,Inside
M,Fly,53.12,53.58,Outside
M,Fly,53.43,53.2,Inside
M,Fly,55.71,54.37,Outside
M,Fly,55.84,55.11,Outside
F,Breast,65.33,64.82,Inside
F,Breast,69.06,70.63,Inside
F,Breast,73.31,72.63,Outside
F,Breast,74.17,73.87,Outside
F,Breast,75.51,74.58,Inside
F,Breast,75.89,74.72,Inside
F,Breast,83.51,84.51,Outside
F,Breast,87.11,85.72,Outside
M,Breast,57.09,56.47,Inside
M,Breast,58.49,58.53,Inside
M,Breast,60.15,59.62,Outside
M,Breast,59.88,59.73,Outside
M,Breast,61.67,60.87,Inside
M,Breast,61.43,62.54,Inside
M,Breast,64.24,63.63,Outside
M,Breast,64.79,64.47,Outside
F,Back,59.84,59.15,Inside
F,Back,60.64,59.55,Inside
F,Back,67.1,66.3,Outside
F,Back,66.98,66.81,Outside
F,Back,68.17,66.35,Inside
F,Back,68.4,68.36,Inside
F,Back,87.41,88.61,Outside
F,Back,100.7,99.0,Outside
M,Back,51.88,50.41,Inside
M,Back,52.86,52.52,Inside
M,Back,57.33,58.06,Outside
M,Back,58.96,58.14,Outside
M,Back,66.98,64.63,Inside
M,Back,68.44,68.22,Inside
F,Free,54.69,53.43,Inside
F,Free,54.12,53.49,Inside
F,Free,57.92,57.08,Outside
F,Free,57.19,57.57,Outside
F,Free,58.17,58.7,Inside
F,Free,60.25,59.34,Inside
F,Free,64.81,62.59,Outside
F,Free,65.73,64.7,Outside
M,Free,46.59,45.97,Inside
M,Free,46.3,46.12,Inside
M,Free,47.41,47.51,Outside
M,Free,47.56,54.48,Outside
M,Free,47.67,48.18,Inside
M,Free,47.75,48.37,Inside
M,Free,49.62,48.96,Outside
M,Free,51.38,51.24,Outside
F,Fly,62.55,61.06,Inside
F,Fly,61.85,61.91,Inside
F,Fly,75.67,74.25,Outside
F,Fly,75.24,76.82,Outside
F,Fly,89.55,86.39,Inside
F,Fly,90.0,90.55,Inside
M,Fly,51.3,50.14,Inside
M,Fly,52.64,51.18,Inside
M,Fly,55.27,55.48,Outside
M,Fly,56.52,56.49,Outside
M,Fly,57.97,56.97,Inside
M,Fly,58.36,58.57,Inside
M,Fly,63.42,63.59,Outside
M,Fly,67.56,68.34,Outside
F,Breast,65.67,64.33,Inside
F,Breast,73.53999999999999,73.48,Inside
F,Breast,81.09,81.78,Outside
F,Breast,83.57,83.33,Outside
F,Breast,85.13,83.15,Inside
F,Breast,84.12,83.67,Inside
F,Breast,95.71000000000001,97.47,Outside
M,Breast,60.62,59.69,Inside
M,Breast,60.22,59.79,Inside
M,Breast,63.31,62.0,Outside
M,Breast,63.75,63.89,Outside
M,Breast,65.09,64.91,Inside
M,Breast,66.76,67.92,Inside
M,Breast,71.49,71.92,Outside
M,Breast,71.41,73.83,Outside
F,Back,66.8,65.13,Inside
F,Back,69.88,70.62,Inside
F,Back,77.59,75.24,Outside
F,Back,79.63,76.84,Outside
F,Back,80.28,82.42,Inside
F,Back,81.86,83.5,Inside
F,Back,90.94,89.41,Outside
F,Back,91.8,94.27000000000001,Outside
M,Back,54.2,50.39,Inside
M,Back,54.87,52.99,Inside
M,Back,57.53,56.23,Outside
M,Back,57.53,58.25,Outside
M,Back,61.17,60.63,Inside
M,Back,60.66,60.75,Inside
M,Back,67.28,69.48,Outside
M,Back,71.74,71.49,Outside
F,Free,54.67,54.44,Inside
F,Free,56.88,57.46,Inside
F,Free,60.55,60.76,Outside
F,Free,62.34,62.38,Outside
F,Free,64.15,64.53,Inside
F,Free,65.02,64.59,Inside
F,Free,70.16,68.36,Outside
F,Free,68.27,68.78999999999999,Outside
M,Free,47.15,45.83,Inside
M,Free,48.13,47.49,Inside
M,Free,48.6,48.76,Outside
M,Free,48.9,48.91,Outside
M,Free,49.62,49.86,Inside
M,Free,50.23,50.52,Inside
M,Free,54.41,53.77,Outside
M,Free,54.95,54.53,Outside
F,Free,54.89,52.76,Inside
F,Free,55.35,55.87,Inside
F,Free,60.15,57.69,Outside
F,Free,65.45,64.35,Outside
F,Free,65.95,65.32,Inside
F,Free,67.7,66.38,Inside
M,Free,46.04,45.89,Inside
M,Free,47.17,46.66,Inside
M,Free,49.1,48.46,Outside
M,Free,49.48,49.29,Outside
M,Free,50.72,49.85,Inside
M,Free,50.0,50.42,Inside
M,Free,52.07,51.33,Outside
M,Free,54.77,54.75,Outside
F,Fly,58.51,56.85,Inside
F,Fly,60.27,58.53,Inside
F,Fly,63.67,64.03,Outside
F,Fly,65.28,64.81,Outside
F,Fly,67.49,66.08,Inside
F,Fly,73.03,73.9,Inside
M,Fly,53.77,53.18,Inside
M,Fly,52.74,53.28,Inside
M,Fly,57.28,55.88,Outside
M,Fly,57.14,57.01,Outside
M,Fly,60.15,59.1,Inside
M,Fly,64.04,65.55,Inside
F,Breast,67.23,64.0,Inside
F,Breast,68.93,68.86,Inside
F,Breast,77.01,77.15,Outside
F,Breast,76.77,77.91,Outside
F,Breast,77.91,77.9,Inside
F,Breast,81.28,79.99,Inside
M,Breast,59.41,58.06,Inside
M,Breast,58.92,58.45,Inside
M,Breast,62.6,62.75,Outside
M,Breast,69.65,69.31,Outside
M,Breast,70.2,69.55,Inside
M,Breast,74.38,75.1,Inside
F,Back,60.86,59.54,Inside
F,Back,61.83,61.1,Inside
F,Back,68.85,69.47,Outside
F,Back,70.53999999999999,71.24,Outside
F,Back,70.78999999999999,69.73,Inside
F,Back,73.88,72.97,Inside
M,Back,53.52,52.73,Inside
M,Back,54.66,54.96,Inside
M,Back,59.52,59.41,Outside
M,Back,60.1,59.59,Outside
M,Back,60.7,61.65,Inside
M,Back,61.21,63.8,Inside
F,Fly,59.1,59.21,Inside
F,Fly,60.66,61.75,Inside
F,Fly,65.32,64.88,Outside
F,Fly,64.74,65.07,Outside
F,Fly,66.21,64.56,Inside
F,Fly,66.79,66.71,Inside
F,Fly,83.1,81.42,Outside
F,Fly,92.53999999999999,94.97999999999999,Outside
M,Fly,49.53,49.63,Inside
M,Fly,50.81,50.02,Inside
M,Fly,53.61,52.7,Outside
M,Fly,53.63,52.99,Outside
M,Fly,54.38,54.31,Inside
M,Fly,54.47,54.44,Inside
M,Fly,57.26,56.54,Outside
M,Fly,57.29,57.75,Outside
F,Breast,68.17,66.11,Inside
F,Breast,68.75,68.02,Inside
F,Breast,74.66,73.51,Outside
F,Breast,73.28999999999999,74.49,Outside
F,Breast,75.14,75.03999999999999,Inside
F,Breast,75.12,75.5,Inside
F,Breast,84.57,83.13,Outside
F,Breast,83.16,85.76,Outside
M,Breast,57.81,58.41,Inside
M,Breast,61.03,61.92,Inside
M,Breast,62.65,62.37,Outside
M,Breast,62.58,62.62,Outside
M,Breast,63.4,62.6,Inside
M,Breast,62.93,64.44,Inside
M,Breast,67.59,69.98,Outside
M,Breast,73.65,74.36,Outside
F,Back,62.97,62.21,Inside
F,Back,63.57,65.13,Inside
F,Back,68.16,66.18,Outside
F,Back,68.71000000000001,71.03,Outside
F,Back,69.0,68.61,Inside
F,Back,71.95,69.2,Outside
F,Back,70.28999999999999,69.84,Inside
F,Back,72.44,71.7,Outside
M,Back,51.36,51.26,Inside
M,Back,53.02,52.93,Inside
M,Back,57.88,57.43,Outside
M,Back,59.95,59.91,Outside
M,Back,60.81,59.06,Inside
M,Back,63.23,62.22,Inside
M,Back,69.02,71.49,Outside
M,Back,76.89,77.1,Outside
F,Free,53.08,53.03,Inside
F,Free,54.68,53.92,Inside
F,Free,58.5,57.76,Outside
F,Free,58.29,58.37,Outside
F,Free,58.57,58.64,Inside
F,Free,58.68,59.22,Inside
F,Free,60.86,59.87,Outside
F,Free,60.41,60.27,Outside
F,Free,62.46,62.51,Inside
F,Free,62.19,62.6,Inside
F,Free,66.35,65.44,Outside
F,Free,67.74,67.09,Outside
M,Free,46.43,45.59,Inside
M,Free,45.49,45.77,Inside
M,Free,48.87,48.44,Outside
M,Free,48.94,48.52,Outside
M,Free,49.45,48.88,Inside
M,Free,48.95,49.29,Inside
M,Free,51.28,50.88,Outside
M,Free,50.66,51.05,Outside
M,Free,51.61,51.16,Inside
M,Free,51.43,51.2,Inside
M,Free,54.05,53.45,Outside
M,Free,54.96,54.74,Outside
F,Fly,62.26,60.82,Inside
F,Fly,61.22,61.31,Inside
F,Fly,76.26,76.22,Outside
F,Fly,77.23,77.68,Outside
F,Fly,89.89,89.31,Inside
M,Fly,52.87,51.52,Inside
M,Fly,53.28,53.04,Inside
M,Fly,57.43,56.85,Outside
M,Fly,56.7,57.2,Outside
M,Fly,57.78,56.57,Inside
M,Fly,57.8,58.85,Inside
M,Fly,64.97,66.05,Outside
M,Fly,67.8,69.91,Outside
F,Breast,69.01,69.68,Inside
F,Breast,71.2,70.44,Inside
F,Breast,75.89,74.59,Outside
F,Breast,80.49,80.6,Outside
F,Breast,82.17,80.74,Inside
F,Breast,81.81,80.81,Inside
F,Breast,89.0,90.08,Outside
F,Breast,90.34,94.11,Outside
M,Breast,59.0,57.84,Inside
M,Breast,59.59,58.75,Inside
M,Breast,63.38,63.47,Outside
M,Breast,65.47,66.86,Outside
M,Breast,65.79,64.13,Inside
M,Breast,65.58,66.15,Inside
M,Breast,78.31,77.38,Outside
F,Back,58.59,57.59,Inside
F,Back,60.39,60.55,Inside
F,Back,71.93,71.13,Outside
F,Back,72.61,74.76,Outside
F,Back,73.8,72.9,Inside
F,Back,74.76,74.47,Inside
F,Back,88.71000000000001,88.99,Outside
F,Back,90.38,90.86,Outside
M,Back,53.55,52.37,Inside
M,Back,54.46,53.58,Inside
M,Back,58.65,56.76,Outside
M,Back,57.46,58.73,Outside
M,Back,59.58,58.26,Inside
M,Back,61.22,61.06,Inside
M,Back,67.52,68.15,Outside
M,Back,71.34,70.81,Outside
F,Free,54.48,55.06,Inside
F,Free,56.85,57.7,Inside
F,Free,59.44,59.06,Outside
F,Free,59.63,59.68,Outside
F,Free,61.8,61.73,Inside
F,Free,61.16,61.82,Inside
F,Free,83.23,80.31,Outside
F,Free,90.08,88.41,Outside
M,Free,46.24,45.09,Inside
M,Free,47.99,46.91,Inside
M,Free,50.04,49.74,Outside
M,Free,50.05,53.05,Outside
M,Free,50.45,49.62,Inside
M,Free,50.35,50.13,Inside
M,Free,53.5,52.25,Outside
M,Free,53.69,52.35,Outside
F,Fly,63.66,60.54,Inside
F,Fly,68.85,64.55,Inside
F,Fly,96.89,99.58,Outside
F,Fly,105.5,105.00999999999999,Outside
M,Fly,54.02,51.1,Inside
M,Fly,53.19,52.38,Inside
M,Fly,58.15,58.54,Outside
M,Fly,58.03,59.33,Outside
M,Fly,61.77,59.65,Inside
M,Fly,61.22,60.24,Inside
F,Breast,73.35,72.17,Inside
F,Breast,76.53,73.88,Inside
F,Breast,169.9,169.21,Outside
M,Breast,62.51,60.54,Inside
M,Breast,63.41,61.11,Inside
M,Breast,69.13,68.85,Outside
M,Breast,69.83,69.58,Outside
M,Breast,71.36,70.61,Inside
M,Breast,73.25,73.39,Inside
M,Breast,84.85,80.78,Outside
M,Breast,83.83,83.57,Outside
F,Back,65.59,57.76,Inside
F,Back,66.37,63.15,Inside
F,Back,83.48,81.48,Outside
F,Back,83.53,86.28999999999999,Outside
F,Back,84.48,88.05,Inside
F,Back,94.72999999999999,96.27000000000001,Inside
M,Back,55.91,53.53,Inside
M,Back,57.27,56.87,Inside
M,Back,60.47,60.83,Outside
M,Back,61.35,61.05,Outside
M,Back,63.27,62.73,Inside
M,Back,79.72,75.37,Outside
M,Back,93.74000000000001,93.7,Outside
F,Free,52.18,52.55,Inside
F,Free,54.42,54.35,Inside
F,Free,59.06,58.85,Outside
F,Free,60.44,62.01,Outside
F,Free,62.81,61.43,Inside
F,Free,63.71,62.03,Inside
F,Free,89.01,88.99,Outside
F,Free,91.8,94.45,Outside
M,Free,48.16,46.86,Inside
M,Free,48.05,49.12,Inside
M,Free,50.62,49.81,Outside
M,Free,50.53,50.5,Outside
M,Free,51.07,50.64,Inside
M,Free,51.07,51.01,Inside
M,Free,55.74,55.98,Outside
M,Free,55.53,56.63,Outside
F,Fly,58.3,56.51,Inside
F,Fly,59.79,58.34,Outside
F,Fly,58.64,58.44,Inside
F,Fly,59.65,59.2,Outside
F,Fly,60.02,59.13,Inside
F,Fly,60.37,60.12,Inside
F,Fly,62.01,60.94,Outside
F,Fly,62.02,61.87,Outside
M,Fly,47.98,46.49,Inside
M,Fly,49.43,49.03,Inside
M,Fly,51.02,50.12,Outside
M,Fly,51.75,50.66,Outside
M,Fly,51.77,51.68,Inside
M,Fly,51.87,51.76,Inside
M,Fly,52.46,52.0,Outside
M,Fly,52.49,52.71,Outside
F,Breast,64.55,64.19,Inside
F,Breast,64.49,65.35,Inside
F,Breast,69.37,68.4,Outside
F,Breast,69.73,69.1,Outside
F,Breast,69.9,69.27,Inside
F,Breast,69.9,70.52,Inside
F,Breast,71.75,70.95,Outside
F,Breast,72.01,74.98,Outside
M,Breast,56.39,55.52,Inside
M,Breast,56.19,56.95,Inside
M,Breast,57.86,57.06,Outside
M,Breast,57.84,57.68,Outside
M,Breast,58.14,57.96,Inside
M,Breast,58.03,58.16,Inside
M,Breast,59.22,58.28,Outside
M,Breast,59.0,58.9,Outside
F,Back,56.87,56.2,Inside
F,Back,58.26,57.17,Inside
F,Back,59.88,59.74,Outside
F,Back,59.99,60.54,Outside
F,Back,60.2,59.52,Inside
F,Back,60.04,60.57,Inside
F,Back,62.39,61.91,Outside
F,Back,62.3,62.24,Outside
M,Back,51.3,50.2,Inside
M,Back,51.56,50.66,Inside
M,Back,52.17,51.41,Outside
M,Back,52.58,52.67,Outside
M,Back,52.7,53.07,Inside
M,Back,52.68,53.15,Inside
M,Back,54.55,54.36,Outside
M,Back,54.76,54.4,Outside
F,Free,52.6,52.43,Inside
F,Free,52.94,52.91,Inside
F,Free,54.11,53.84,Outside
F,Free,54.09,54.31,Outside
F,Free,54.95,53.32,Outside
F,Free,54.5,54.36,Inside
F,Free,54.28,54.96,Inside
F,Free,54.95,55.0,Outside
M,Free,45.23,43.83,Inside
M,Free,45.13,45.06,Inside
M,Free,46.24,46.15,Outside
M,Free,46.4,46.3,Outside
M,Free,46.47,46.64,Inside
M,Free,47.38,46.83,Outside
M,Free,47.33,47.04,Outside
M,Free,46.52,47.06,Inside
F,Fly,64.98,62.81,Inside
F,Fly,67.64,67.27,Inside
F,Fly,75.0,75.47,Outside
F,Fly,76.87,75.89,Inside
F,Fly,74.31,77.28,Outside
F,Fly,78.12,77.95,Inside
F,Fly,117.94,115.92,Outside
M,Fly,55.62,53.93,Inside
M,Fly,55.72,54.1,Inside
M,Fly,58.53,58.29,Outside
M,Fly,59.43,59.51,Outside
M,Fly,62.09,62.36,Inside
F,Breast,74.62,75.08,Inside
F,Breast,75.1,75.14,Inside
F,Breast,111.85,109.67,Outside
F,Breast,115.68,112.95,Outside
F,Breast,119.00999999999999,122.52,Inside
M,Breast,61.76,61.21,Inside
M,Breast,61.67,61.35,Inside
M,Breast,66.27,62.52,Outside
M,Breast,67.81,65.58,Inside
M,Breast,66.77,66.89,Outside
M,Breast,67.33,67.62,Inside
M,Breast,78.22,76.16,Outside
M,Breast,79.08,77.13,Outside
M,Breast,81.21000000000001,80.66,Inside
M,Breast,81.64,82.19,Inside
F,Back,62.13,61.92,Inside
F,Back,65.32,63.92,Inside
F,Back,70.25,67.89,Outside
F,Back,71.07,72.45,Outside
F,Back,71.28999999999999,73.06,Inside
F,Back,72.94,73.1,Inside
F,Back,78.46000000000001,77.22,Outside
F,Back,80.19,77.38,Outside
F,Back,90.37,91.27,Inside
M,Back,60.95,55.01,Inside
M,Back,59.25,57.76,Inside
M,Back,71.7,69.42,Outside
M,Back,76.72,77.52,Outside
F,Free,57.12,56.83,Inside
F,Free,57.26,57.32,Inside
F,Free,59.77,57.69,Outside
F,Free,60.5,59.62,Outside
F,Free,60.71,60.2,Inside
F,Free,60.83,60.23,Inside
F,Free,61.93,61.61,Outside
F,Free,63.39,64.58,Outside
F,Free,65.77,64.64,Inside
F,Free,65.98,64.83,Inside
F,Free,92.32,90.36,Outside
F,Free,99.34,90.75,Outside
M,Free,48.15,47.72,Inside
M,Free,50.1,49.17,Outside
M,Free,49.2,49.68,Inside
M,Free,50.38,50.3,Outside
M,Free,50.56,49.86,Inside
M,Free,52.25,51.86,Inside
M,Free,56.03,55.81,Outside
M,Free,57.72,57.63,Outside
M,Free,58.69,58.67,Inside
M,Free,61.45,63.72,Inside
F,Fly,58.16,58.01,Inside
F,Fly,59.15,58.83,Inside
F,Fly,61.11,60.8,Outside
F,Fly,63.78,62.15,Outside
F,Fly,64.22,63.21,Inside
F,Fly,65.06,63.67,Inside
F,Fly,81.27,79.63,Outside
F,Fly,81.42,81.86,Outside
M,Fly,50.78,50.52,Inside
M,Fly,51.88,51.83,Inside
M,Fly,53.61,52.45,Outside
M,Fly,53.1,53.08,Outside
M,Fly,54.06,54.79,Inside
M,Fly,55.18,55.02,Inside
M,Fly,57.3,55.83,Outside
M,Fly,57.1,58.4,Outside
F,Breast,66.71,64.51,Inside
F,Breast,67.62,67.1,Inside
F,Breast,71.24,71.07,Outside
F,Breast,71.91,72.66,Outside
F,Breast,73.58,72.07,Inside
F,Breast,74.45,74.1,Inside
F,Breast,79.78999999999999,77.76,Outside
F,Breast,77.12,79.97,Outside
M,Breast,57.27,56.19,Inside
M,Breast,57.54,56.85,Inside
M,Breast,59.75,58.71,Outside
M,Breast,59.96,58.78,Outside
M,Breast,60.48,59.98,Inside
M,Breast,63.48,63.14,Inside
M,Breast,81.69,81.32,Outside
F,Back,59.13,59.14,Inside
F,Back,59.97,61.25,Inside
F,Back,63.43,63.53,Outside
F,Back,63.45,63.71,Outside
F,Back,64.16,63.87,Inside
F,Back,66.08,65.04,Inside
F,Back,71.84,71.35,Outside
F,Back,71.97,71.87,Outside
M,Back,52.31,52.33,Inside
M,Back,53.03,52.9,Inside
M,Back,56.19,55.5,Outside
M,Back,55.17,55.55,Outside
M,Back,57.2,56.89,Inside
M,Back,57.48,57.95,Inside
M,Back,63.78,64.32,Outside
M,Back,67.88,67.86,Outside
F,Free,53.76,53.02,Inside
F,Free,55.35,54.34,Outside
F,Free,54.15,54.36,Inside
F,Free,55.62,55.12,Outside
F,Free,56.41,55.81,Inside
F,Free,56.04,56.11,Inside
F,Free,58.98,57.87,Outside
F,Free,60.74,60.65,Outside
M,Free,46.22,45.85,Inside
M,Free,47.21,46.55,Inside
M,Free,48.69,48.99,Outside
M,Free,48.37,49.42,Outside
M,Free,49.39,48.69,Inside
M,Free,49.57,49.02,Inside
M,Free,51.76,51.79,Outside
M,Free,51.7,52.23,Outside
F,Fly,58.97,56.72,Inside
F,Fly,61.24,60.24,Inside
F,Fly,74.2,73.12,Outside
F,Fly,74.15,73.37,Outside
F,Fly,83.9,80.98,Inside
F,Fly,91.82,92.65,Inside
M,Fly,52.01,51.3,Inside
M,Fly,53.96,53.8,Inside
M,Fly,57.68,56.1,Outside
M,Fly,56.87,56.82,Outside
M,Fly,60.16,59.43,Inside
M,Fly,65.15,64.35,Inside
F,Breast,68.36,69.24,Inside
F,Breast,70.08,70.82,Inside
F,Breast,75.21000000000001,74.59,Outside
F,Breast,75.86,76.36,Outside
F,Breast,76.27,76.07,Inside
F,Breast,77.3,77.19,Inside
F,Breast,85.36,85.53,Outside
F,Breast,89.91,88.34,Outside
M,Breast,57.45,58.25,Inside
M,Breast,63.64,63.36,Outside
M,Breast,64.43,64.15,Outside
M,Breast,65.28,64.76,Inside
M,Breast,66.1,65.06,Inside
M,Breast,81.17,79.68,Outside
M,Breast,87.7,83.74,Outside
F,Back,60.68,60.01,Inside
F,Back,62.0,60.33,Inside
F,Back,73.35,70.64,Outside
F,Back,75.21000000000001,74.78999999999999,Outside
F,Back,79.24,77.72,Inside
F,Back,83.48,84.48,Inside
M,Back,54.52,54.47,Inside
M,Back,54.33,54.72,Inside
M,Back,60.44,58.76,Outside
M,Back,60.91,60.85,Outside
M,Back,63.91,63.73,Inside
M,Back,64.47,64.19,Inside
M,Back,76.69,76.72,Outside
F,Free,55.36,54.92,Inside
F,Free,55.42,55.45,Inside
F,Free,58.52,58.03,Outside
F,Free,60.21,60.69,Outside
F,Free,64.56,62.82,Inside
F,Free,65.52,64.63,Outside
F,Free,64.15,64.98,Inside
F,Free,65.43,67.23,Outside
M,Free,46.78,45.61,Inside
M,Free,47.17,46.89,Inside
M,Free,48.99,48.37,Outside
M,Free,49.4,49.13,Outside
M,Free,50.17,48.57,Inside
M,Free,53.69,52.36,Outside
M,Free,53.38,53.74,Outside
M,Free,50.96,53.91,Inside
F,Fly,60.25,57.54,Inside
F,Fly,62.42,59.05,Inside
F,Fly,63.96,61.94,Outside
F,Fly,65.85,64.11,Outside
F,Fly,67.22,67.75,Inside
F,Fly,72.2,72.51,Inside
F,Fly,78.77,79.21000000000001,Outside
M,Fly,51.0,49.52,Inside
M,Fly,50.65,49.75,Inside
M,Fly,55.86,55.57,Outside
M,Fly,58.18,55.89,Outside
M,Fly,58.84,58.74,Inside
F,Breast,68.37,64.05,Inside
F,Breast,71.3,70.72,Inside
F,Breast,77.96000000000001,77.71000000000001,Outside
F,Breast,78.49,78.36,Outside
F,Breast,78.75,78.86,Inside
F,Breast,80.91,79.36,Inside
F,Breast,89.18,87.65,Outside
F,Breast,87.72,87.74,Outside
M,Breast,58.08,56.52,Inside
M,Breast,57.97,57.44,Inside
M,Breast,60.01,58.49,Outside
M,Breast,60.31,59.58,Outside
M,Breast,60.36,59.33,Inside
M,Breast,60.66,60.19,Inside
M,Breast,65.06,62.99,Outside
M,Breast,63.92,63.98,Outside
F,Back,59.62,57.21,Inside
F,Back,62.26,60.76,Inside
F,Back,67.31,66.08,Outside
F,Back,66.16,66.23,Outside
F,Back,68.99,66.69,Inside
F,Back,76.42,76.06,Outside
M,Back,51.58,51.0,Inside
M,Back,51.93,51.0,Inside
M,Back,55.03,54.71,Outside
M,Back,56.5,57.32,Outside
M,Back,57.42,57.4,Inside
M,Back,60.68,59.22,Inside
M,Back,63.54,64.11,Outside
M,Back,103.78,94.8,Outside
F,Free,54.05,52.86,Inside
F,Free,54.12,54.16,Inside
F,Free,58.43,57.82,Outside
F,Free,59.19,59.47,Outside
F,Free,59.86,58.21,Inside
F,Free,60.5,59.87,Inside
F,Free,66.52,65.54,Outside
F,Free,68.78,66.74,Outside
M,Free,45.85,44.73,Inside
M,Free,45.94,45.09,Inside
M,Free,46.82,46.7,Outside
M,Free,46.75,47.25,Outside
M,Free,47.22,46.98,Inside
M,Free,47.75,48.01,Inside
M,Free,49.73,49.26,Outside
M,Free,50.67,51.9,Outside
F,Fly,61.22,59.28,Inside
F,Fly,62.54,62.47,Inside
F,Fly,95.61,91.43,Outside
F,Fly,102.65,97.06,Outside
F,Fly,102.92,102.28999999999999,Inside
M,Fly,51.4,48.42,Inside
M,Fly,53.65,52.66,Inside
M,Fly,61.44,57.37,Outside
M,Fly,59.84,58.26,Outside
M,Fly,62.28,60.76,Inside
M,Fly,62.99,61.96,Inside
F,Breast,73.95,71.25,Inside
F,Breast,76.2,73.42,Inside
F,Breast,83.13,76.32,Outside
F,Breast,84.64,81.83,Outside
F,Breast,91.08,88.34,Inside
F,Breast,90.99,90.33,Inside
M,Breast,61.77,57.61,Inside
M,Breast,60.3,59.6,Inside
M,Breast,76.09,73.4,Outside
M,Breast,76.98,76.16,Outside
M,Breast,78.41,78.66,Inside
M,Breast,81.62,79.72,Inside
F,Back,63.59,58.28,Inside
F,Back,64.98,62.99,Inside
F,Back,72.85,67.94,Outside
F,Back,74.32,72.81,Outside
F,Back,82.16,80.26,Inside
F,Back,82.03999999999999,82.5,Inside
M,Back,57.84,54.69,Inside
M,Back,57.25,55.03,Inside
M,Back,62.48,61.31,Outside
M,Back,62.01,62.24,Outside
M,Back,63.98,61.55,Inside
M,Back,67.81,66.87,Inside
M,Back,76.82,77.64,Outside
F,Free,54.76,53.87,Inside
F,Free,55.28,54.94,Inside
F,Free,58.12,56.76,Outside
F,Free,57.68,58.0,Outside
F,Free,61.29,59.51,Inside
F,Free,61.0,61.07,Inside
F,Free,98.66,95.31,Outside
M,Free,47.46,44.94,Inside
M,Free,48.81,48.3,Inside
M,Free,50.81,49.79,Outside
M,Free,50.35,50.59,Outside
M,Free,50.83,51.56,Inside
M,Free,52.15,52.4,Inside
M,Free,58.85,57.66,Outside
M,Free,57.79,58.75,Outside
F,Fly,62.04,60.09,Inside
F,Fly,61.99,62.66,Inside
F,Fly,72.18,73.26,Outside
F,Fly,79.76,82.84,Outside
F,Fly,81.91,74.71000000000001,Inside
F,Fly,86.14,85.7,Inside
F,Fly,104.25,103.7,Outside
F,Fly,109.92,111.72999999999999,Outside
M,Fly,51.85,49.92,Inside
M,Fly,51.83,52.33,Inside
M,Fly,54.84,54.25,Outside
M,Fly,54.82,54.94,Outside
M,Fly,55.36,55.81,Inside
M,Fly,56.01,56.65,Inside
M,Fly,58.41,58.47,Outside
M,Fly,58.69,59.0,Outside
F,Breast,65.55,63.97,Inside
F,Breast,70.91,67.95,Inside
F,Breast,80.86,81.6,Outside
F,Breast,80.53999999999999,82.34,Outside
F,Breast,81.32,80.78,Inside
F,Breast,81.85,81.11,Inside
F,Breast,96.75999999999999,93.77000000000001,Outside
F,Breast,97.66,98.41,Outside
M,Breast,61.31,60.29,Inside
M,Breast,62.22,62.95,Inside
M,Breast,64.51,65.57,Outside
M,Breast,64.47,66.17,Outside
M,Breast,64.56,64.11,Inside
M,Breast,67.38,66.09,Inside
M,Breast,71.62,70.2,Outside
M,Breast,73.09,71.87,Outside
F,Back,60.78,60.52,Inside
F,Back,63.26,62.76,Inside
F,Back,70.12,68.21000000000001,Outside
F,Back,72.58,73.34,Outside
F,Back,72.82,72.14,Inside
F,Back,74.58,73.94,Inside
F,Back,85.78999999999999,85.38,Outside
F,Back,86.43,86.46000000000001,Outside
M,Back,54.13,51.06,Inside
M,Back,53.21,53.76,Inside
M,Back,61.84,61.73,Outside
M,Back,60.98,62.59,Outside
M,Back,63.55,60.86,Inside
M,Back,62.05,61.13,Inside
M,Back,67.74,68.51,Outside
M,Back,67.26,68.64,Outside
F,Free,53.95,53.93,Inside
F,Free,54.33,53.94,Inside
F,Free,59.87,59.2,Outside
F,Free,59.76,61.77,Outside
F,Free,60.13,58.79,Inside
F,Free,60.35,59.17,Inside
F,Free,77.15,73.43,Outside
F,Free,76.16,75.9,Outside
M,Free,47.5,47.08,Inside
M,Free,47.47,47.18,Inside
M,Free,49.94,50.1,Outside
M,Free,50.33,50.21,Outside
M,Free,50.85,50.42,Inside
M,Free,50.43,51.07,Inside
M,Free,54.39,54.45,Outside
M,Free,56.69,56.98,Outside
F,Fly,61.73,59.52,Inside
F,Fly,62.63,61.07,Inside
F,Fly,70.48,68.65,Outside
F,Fly,69.67,75.11,Outside
F,Fly,72.0,69.52,Inside
F,Fly,72.36,69.59,Inside
F,Fly,83.58,80.67,Outside
F,Fly,83.18,84.45,Outside
M,Fly,51.08,50.59,Inside
M,Fly,52.43,52.61,Inside
M,Fly,58.33,55.57,Outside
M,Fly,57.46,56.79,Outside
M,Fly,58.63,57.49,Inside
M,Fly,58.53,57.83,Inside
M,Fly,60.7,58.84,Outside
M,Fly,61.08,59.36,Outside
F,Breast,70.45,66.47,Inside
F,Breast,70.1,69.98,Inside
F,Breast,77.46000000000001,77.66,Outside
F,Breast,79.47,78.76,Outside
F,Breast,79.82,78.17,Inside
F,Breast,79.93,79.06,Inside
F,Breast,86.01,84.45,Outside
F,Breast,85.88,86.13,Outside
M,Breast,60.56,57.56,Inside
M,Breast,60.5,59.76,Inside
M,Breast,62.33,61.51,Outside
M,Breast,62.44,62.34,Outside
M,Breast,63.31,63.52,Inside
M,Breast,64.31,64.64,Inside
M,Breast,70.71000000000001,69.9,Outside
M,Breast,72.64,70.96000000000001,Outside
F,Back,61.3,61.35,Inside
F,Back,62.54,61.55,Inside
F,Back,66.88,68.26,Outside
F,Back,69.75,69.06,Outside
F,Back,69.83,70.0,Inside
F,Back,69.95,71.13,Inside
F,Back,74.69,73.3,Outside
F,Back,75.58,74.37,Outside
M,Back,53.65,53.33,Inside
M,Back,53.55,53.47,Inside
M,Back,58.42,56.69,Outside
M,Back,60.09,58.28,Outside
M,Back,60.95,59.86,Inside
M,Back,61.34,60.57,Inside
M,Back,69.03,66.23,Outside
M,Back,74.41,73.78999999999999,Outside
F,Free,54.36,52.28,Inside
F,Free,55.23,53.75,Inside
F,Free,57.94,56.82,Outside
F,Free,57.83,57.34,Outside
F,Free,59.41,58.65,Inside
F,Free,58.09,58.77,Inside
F,Free,62.02,60.51,Outside
F,Free,62.44,61.13,Outside
F,Free,62.56,61.04,Inside
F,Free,62.76,62.17,Inside
F,Free,68.44,66.29,Outside
F,Free,68.38,67.24,Outside
M,Free,46.3,45.91,Inside
M,Free,46.93,47.09,Inside
M,Free,50.22,50.31,Outside
M,Free,49.77,52.46,Outside
M,Free,50.42,49.76,Inside
M,Free,51.04,50.33,Outside
M,Free,50.64,50.41,Inside
M,Free,51.22,50.61,Outside
M,Free,51.36,51.33,Inside
M,Free,51.28,51.48,Inside
M,Free,53.79,52.64,Outside
M,Free,53.21,52.8,Outside
F,Fly,58.01,56.65,Inside
F,Fly,57.23,56.74,Inside
F,Fly,60.1,60.46,Outside
F,Fly,60.13,60.5,Outside
F,Fly,60.23,59.59,Inside
F,Fly,60.85,60.8,Outside
F,Fly,60.37,61.21,Inside
F,Fly,61.33,61.65,Outside
M,Fly,49.47,48.57,Inside
M,Fly,50.83,50.41,Inside
M,Fly,51.36,51.36,Outside
M,Fly,51.31,52.4,Outside
M,Fly,51.61,50.69,Inside
M,Fly,51.51,51.13,Inside
M,Fly,53.35,53.42,Outside
M,Fly,53.05,54.78,Outside
F,Breast,64.52,64.75,Inside
F,Breast,65.79,65.37,Inside
F,Breast,68.86,68.66,Outside
F,Breast,69.25,69.67,Outside
F,Breast,69.34,68.69,Inside
F,Breast,69.27,69.55,Inside
F,Breast,71.25,71.39,Outside
F,Breast,70.77,73.46000000000001,Outside
M,Breast,55.74,54.93,Inside
M,Breast,56.01,56.22,Inside
M,Breast,57.79,57.09,Outside
M,Breast,57.7,58.05,Outside
M,Breast,57.87,57.57,Inside
M,Breast,57.82,58.04,Inside
M,Breast,59.17,59.67,Outside
M,Breast,59.37,60.71,Outside
F,Back,56.46,54.77,Inside
F,Back,58.37,57.78,Inside
F,Back,60.77,60.12,Outside
F,Back,60.5,60.15,Outside
F,Back,60.86,60.37,Inside
F,Back,61.05,61.43,Inside
F,Back,62.96,62.39,Outside
F,Back,63.04,63.92,Outside
M,Back,51.1,50.2,Inside
M,Back,51.2,51.27,Inside
M,Back,53.02,52.95,Outside
M,Back,53.41,53.28,Outside
M,Back,53.62,53.85,Inside
M,Back,54.76,54.24,Outside
M,Back,54.58,54.31,Outside
M,Back,53.49,54.49,Inside
F,Free,52.06,51.84,Inside
F,Free,53.92,53.73,Inside
F,Free,54.35,54.65,Outside
F,Free,54.36,54.79,Outside
F,Free,54.75,54.47,Inside
F,Free,54.75,55.24,Inside
F,Free,55.62,55.38,Outside
F,Free,55.86,55.87,Outside
M,Free,45.66,44.93,Inside
M,Free,45.65,45.38,Inside
M,Free,46.26,46.4,Outside
M,Free,46.47,46.57,Outside
M,Free,46.79,46.37,Inside
M,Free,46.61,46.67,Inside
M,Free,47.72,47.45,Outside
M,Free,47.51,47.91,Outside
F,Fly,61.71,61.04,Inside
F,Fly,65.91,66.41,Inside
F,Fly,83.63,83.42,Outside
F,Fly,86.19,84.06,Outside
M,Fly,54.68,53.59,Inside
M,Fly,55.94,55.06,Inside
M,Fly,62.15,61.4,Outside
M,Fly,72.21000000000001,71.03999999999999,Outside
F,Breast,73.5,72.6,Inside
F,Breast,74.83,73.31,Inside
F,Breast,81.91,82.96000000000001,Outside
F,Breast,87.12,85.35,Outside
F,Breast,88.22,86.38,Inside
F,Breast,88.91,87.28,Inside
M,Breast,60.0,59.78,Inside
M,Breast,63.2,62.27,Inside
M,Breast,69.49,68.17,Outside
M,Breast,71.7,69.93,Outside
M,Breast,72.5,73.61,Inside
M,Breast,76.65,75.21000000000001,Inside
F,Back,64.96,61.75,Inside
F,Back,65.5,66.48,Inside
F,Back,76.35,73.39,Outside
F,Back,78.1,75.98,Outside
F,Back,80.43,79.99,Inside
F,Back,81.57,82.12,Inside
F,Back,95.93,97.07,Outside
F,Back,102.0,97.22999999999999,Outside
F,Back,123.6,126.66,Inside
M,Back,58.91,54.85,Inside
M,Back,59.93,60.64,Inside
M,Back,78.93,76.53999999999999,Outside
F,Free,56.89,55.72,Inside
F,Free,58.47,56.86,Inside
F,Free,63.93,61.22,Outside
F,Free,64.99,65.2,Outside
F,Free,69.33,66.89,Inside
F,Free,67.8,67.95,Inside
F,Free,74.66,73.5,Outside
F,Free,76.21000000000001,75.28999999999999,Outside
F,Free,80.99,78.07,Outside
F,Free,77.18,78.25,Inside
F,Free,78.57,81.89,Inside
F,Free,84.53,85.43,Outside
M,Free,50.37,49.31,Inside
M,Free,50.28,49.82,Inside
M,Free,52.6,51.48,Outside
M,Free,55.03,53.4,Outside
M,Free,56.46,57.66,Inside
M,Free,65.19,68.6,Inside
M,Free,78.32,76.15,Outside
M,Free,78.41,77.81,Outside
F,Fly,59.34,57.11,Inside
F,Fly,61.38,60.9,Inside
F,Fly,65.67,64.49,Outside
F,Fly,66.31,66.9,Outside
F,Fly,66.45,66.66,Inside
F,Fly,68.88,68.68,Inside
F,Fly,82.0,78.09,Outside
F,Fly,88.86,87.77,Outside
M,Fly,51.69,52.08,Inside
M,Fly,53.66,53.41,Inside
M,Fly,56.37,55.41,Outside
M,Fly,57.93,57.44,Outside
M,Fly,60.87,58.61,Inside
M,Fly,60.03,59.66,Inside
M,Fly,69.02,68.53,Outside
M,Fly,75.31,75.49,Outside
F,Breast,64.98,64.99,Inside
F,Breast,69.88,67.62,Inside
F,Breast,72.53,71.87,Outside
F,Breast,72.58,73.76,Outside
F,Breast,78.36,77.6,Inside
F,Breast,88.32,85.82,Inside
F,Breast,87.49,87.15,Outside
F,Breast,87.68,88.41,Outside
M,Breast,58.31,57.15,Inside
M,Breast,64.52,61.92,Outside
M,Breast,65.06,64.03,Outside
M,Breast,65.96,63.78,Inside
M,Breast,66.2,67.53,Inside
M,Breast,73.24,72.47,Outside
M,Breast,73.03,73.51,Outside
F,Back,58.3,55.72,Inside
F,Back,60.88,59.73,Inside
F,Back,68.92,66.79,Outside
F,Back,71.46000000000001,70.71000000000001,Outside
F,Back,73.76,70.64,Inside
F,Back,73.32,72.48,Inside
F,Back,85.22,89.0,Outside
F,Back,93.22999999999999,91.66,Outside
M,Back,54.1,53.6,Inside
M,Back,55.23,54.87,Inside
M,Back,61.02,58.44,Outside
M,Back,64.54,64.55,Outside
M,Back,66.48,63.12,Inside
M,Back,70.71000000000001,69.1,Inside
M,Back,78.35,78.52,Outside
M,Back,80.45,83.53999999999999,Outside
F,Free,55.54,55.27,Inside
F,Free,56.76,55.74,Inside
F,Free,59.03,57.89,Outside
F,Free,61.13,59.76,Outside
F,Free,61.43,60.61,Inside
F,Free,62.16,64.89,Inside
F,Free,66.35,66.07,Outside
F,Free,68.51,68.2,Outside
M,Free,47.27,47.03,Inside
M,Free,47.9,47.95,Inside
M,Free,49.99,49.74,Outside
M,Free,49.8,50.37,Outside
M,Free,50.71,50.92,Inside
M,Free,50.98,51.58,Inside
M,Free,52.83,52.48,Outside
M,Free,52.67,53.16,Outside
F,Fly,62.45,60.27,Inside
F,Fly,62.81,61.85,Inside
F,Fly,67.71,67.71,Outside
F,Fly,68.81,68.01,Outside
F,Fly,69.33,66.68,Inside
F,Fly,70.86,70.24,Inside
F,Fly,85.08,84.18,Outside
F,Fly,89.48,92.31,Outside
M,Fly,53.02,53.05,Inside
M,Fly,55.06,54.01,Outside
M,Fly,55.35,54.6,Outside
M,Fly,53.77,54.77,Inside
M,Fly,55.74,53.88,Inside
M,Fly,57.25,58.18,Inside
M,Fly,60.97,58.5,Outside
M,Fly,61.44,60.53,Outside
F,Breast,70.25,67.99,Inside
F,Breast,72.18,71.85,Inside
F,Breast,77.22,77.41,Outside
F,Breast,81.08,79.68,Outside
F,Breast,82.71000000000001,81.68,Inside
F,Breast,82.62,82.0,Inside
F,Breast,90.9,89.39,Outside
F,Breast,91.1,93.28,Outside
M,Breast,57.69,56.9,Inside
M,Breast,60.48,58.89,Inside
M,Breast,63.02,63.36,Outside
M,Breast,63.45,64.49,Outside
M,Breast,64.86,63.68,Inside
M,Breast,63.76,64.37,Inside
M,Breast,67.65,68.26,Outside
M,Breast,70.45,69.31,Outside
F,Back,62.32,59.37,Inside
F,Back,62.69,63.04,Inside
F,Back,70.01,69.89,Outside
F,Back,71.59,71.14,Outside
F,Back,74.85,74.05,Inside
F,Back,74.42,77.55,Inside
F,Back,84.37,83.38,Outside
F,Back,84.66,86.44,Outside
M,Back,52.34,50.79,Inside
M,Back,53.35,51.98,Inside
M,Back,61.05,59.71,Outside
M,Back,61.22,60.91,Outside
M,Back,61.43,59.96,Inside
M,Back,62.08,61.03,Inside
M,Back,72.55,72.19,Outside
M,Back,85.66,85.89,Outside
F,Free,54.08,53.26,Inside
F,Free,56.04,54.42,Inside
F,Free,58.87,57.5,Outside
F,Free,59.99,59.67,Outside
F,Free,60.65,59.86,Inside
F,Free,60.92,60.34,Inside
F,Free,64.44,62.86,Outside
F,Free,70.95,68.9,Outside
M,Free,47.9,45.68,Inside
M,Free,48.18,47.58,Inside
M,Free,50.05,50.37,Outside
M,Free,50.26,51.01,Outside
M,Free,50.87,49.87,Inside
M,Free,50.6,50.64,Inside
M,Free,53.72,52.49,Outside
M,Free,52.64,52.88,Outside
F,Fly,59.87,58.47,Inside
F,Fly,62.47,61.38,Inside
F,Fly,68.7,68.47,Outside
F,Fly,70.37,68.96000000000001,Outside
F,Fly,72.98,70.55,Inside
F,Fly,73.95,72.41,Inside
F,Fly,81.23,79.16,Outside
M,Fly,53.03,52.26,Inside
M,Fly,53.91,52.86,Inside
M,Fly,57.23,57.17,Outside
M,Fly,58.21,57.19,Outside
M,Fly,58.57,55.68,Inside
M,Fly,58.33,58.57,Inside
M,Fly,63.48,64.27,Outside
M,Fly,67.16,65.71,Outside
F,Breast,69.68,68.78999999999999,Inside
F,Breast,70.1,68.86,Inside
F,Breast,76.38,74.69,Outside
F,Breast,78.42,78.61,Outside
F,Breast,79.41,78.2,Inside
F,Breast,80.08,79.33,Inside
F,Breast,83.95,82.81,Outside
F,Breast,83.98,84.4,Outside
M,Breast,57.83,58.01,Inside
M,Breast,57.9,58.7,Inside
M,Breast,63.62,62.61,Outside
M,Breast,63.88,63.84,Outside
M,Breast,66.68,66.97,Inside
M,Breast,67.43,69.36,Inside
M,Breast,73.19,70.28,Outside
M,Breast,83.28999999999999,81.99,Outside
F,Back,60.99,61.11,Inside
F,Back,63.18,62.32,Inside
F,Back,68.11,65.51,Outside
F,Back,67.87,67.5,Outside
F,Back,69.39,68.7,Inside
F,Back,70.39,70.01,Inside
F,Back,72.18,72.72,Outside
F,Back,72.91,74.2,Outside
M,Back,53.75,53.07,Inside
M,Back,54.37,54.51,Inside
M,Back,61.09,61.51,Outside
M,Back,62.88,61.99,Outside
M,Back,63.78,62.83,Inside
M,Back,64.2,63.7,Inside
F,Free,53.94,53.92,Inside
F,Free,55.17,54.5,Inside
F,Free,57.27,56.43,Outside
F,Free,57.44,57.35,Outside
F,Free,58.13,56.58,Inside
F,Free,58.46,58.88,Inside
F,Free,63.07,61.89,Outside
F,Free,62.12,62.71,Outside
F,Free,65.41,62.3,Inside
F,Free,63.21,62.36,Inside
F,Free,67.33,66.16,Outside
F,Free,67.54,70.05,Outside
M,Free,46.84,46.14,Inside
M,Free,46.7,46.85,Inside
M,Free,49.11,48.34,Outside
M,Free,49.33,48.39,Outside
M,Free,49.53,49.81,Inside
M,Free,49.97,49.94,Inside
M,Free,56.64,57.48,Outside
M,Free,58.95,58.96,Outside
F,Fly,59.79,59.75,Inside
F,Fly,60.11,60.69,Inside
F,Fly,62.45,61.56,Outside
F,Fly,61.88,61.59,Outside
F,Fly,63.82,62.19,Inside
F,Fly,63.75,62.36,Inside
F,Fly,67.51,68.01,Outside
F,Fly,69.75,70.08,Outside
M,Fly,51.42,51.47,Inside
M,Fly,51.21,51.6,Inside
M,Fly,52.62,52.69,Outside
M,Fly,54.55,54.76,Outside
M,Fly,55.91,54.15,Inside
M,Fly,54.9,54.47,Inside
M,Fly,58.12,56.5,Outside
M,Fly,58.65,58.21,Outside
F,Breast,67.37,65.67,Inside
F,Breast,67.21,66.13,Inside
F,Breast,73.14,72.89,Outside
F,Breast,73.12,73.35,Outside
F,Breast,73.55,72.84,Inside
F,Breast,73.5,73.35,Inside
F,Breast,78.08,77.22,Outside
F,Breast,78.55,78.27,Outside
M,Breast,57.03,56.79,Inside
M,Breast,56.68,56.86,Inside
M,Breast,59.94,59.01,Outside
M,Breast,60.0,59.45,Outside
M,Breast,60.79,59.39,Inside
M,Breast,61.37,61.04,Inside
M,Breast,64.6,64.64,Outside
M,Breast,67.37,67.43,Outside
F,Back,59.17,59.51,Inside
F,Back,59.99,60.19,Inside
F,Back,65.71,65.15,Outside
F,Back,66.57,66.18,Outside
F,Back,67.05,65.22,Inside
F,Back,67.13,66.18,Inside
F,Back,71.02,70.62,Outside
F,Back,71.44,72.01,Outside
M,Back,54.43,52.58,Inside
M,Back,55.0,54.85,Inside
M,Back,59.52,59.5,Outside
M,Back,58.95,60.61,Outside
M,Back,59.86,58.7,Inside
M,Back,61.22,61.44,Inside
M,Back,66.04,65.04,Outside
M,Back,79.46000000000001,83.45,Outside
F,Free,54.39,53.67,Inside
F,Free,54.8,54.44,Inside
F,Free,56.09,54.7,Outside
F,Free,56.24,56.6,Outside
F,Free,56.34,56.15,Inside
F,Free,56.58,56.28,Inside
F,Free,58.53,58.47,Outside
F,Free,58.59,58.8,Outside
M,Free,46.46,45.85,Inside
M,Free,45.98,46.18,Inside
M,Free,47.49,47.14,Outside
M,Free,48.2,47.7,Outside
M,Free,48.49,47.92,Inside
M,Free,48.64,49.07,Inside
M,Free,50.04,50.14,Outside
M,Free,50.39,50.29,Outside
F,Fly,59.78,58.82,Inside
F,Fly,62.28,60.04,Inside
F,Fly,66.76,66.75,Outside
F,Fly,71.67,72.66,Outside
F,Fly,74.25,71.31,Inside
F,Fly,74.15,72.97,Inside
M,Fly,49.7,50.14,Inside
M,Fly,50.88,50.75,Inside
M,Fly,52.79,52.59,Outside
M,Fly,53.03,53.93,Outside
M,Fly,53.9,53.71,Inside
M,Fly,53.95,54.24,Inside
M,Fly,59.23,58.11,Outside
M,Fly,59.94,61.42,Outside
F,Breast,67.52,67.1,Inside
F,Breast,74.83,73.08,Inside
F,Breast,82.44,82.6,Outside
F,Breast,81.48,83.06,Outside
F,Breast,84.99,85.81,Inside
F,Breast,87.23,87.1,Inside
M,Breast,54.72,54.19,Inside
M,Breast,57.16,56.74,Inside
M,Breast,60.78,59.41,Outside
M,Breast,61.63,60.87,Outside
M,Breast,61.91,61.15,Inside
M,Breast,62.9,62.0,Inside
M,Breast,72.67,68.51,Outside
F,Back,58.57,58.2,Inside
F,Back,61.73,59.98,Inside
F,Back,66.58,66.56,Outside
F,Back,66.79,66.78,Outside
F,Back,66.92,65.75,Inside
F,Back,68.76,67.79,Inside
F,Back,72.45,72.13,Outside
F,Back,72.59,73.22,Outside
M,Back,50.7,50.36,Inside
M,Back,51.44,51.55,Inside
M,Back,57.06,56.24,Outside
M,Back,59.41,58.42,Outside
M,Back,59.42,58.13,Inside
M,Back,63.81,63.63,Inside
F,Free,53.86,52.82,Inside
F,Free,54.52,54.02,Inside
F,Free,57.7,57.62,Outside
F,Free,58.19,58.47,Outside
F,Free,58.71,58.26,Inside
F,Free,59.13,59.0,Inside
F,Free,63.31,62.83,Outside
F,Free,64.6,63.3,Outside
M,Free,45.57,45.38,Inside
M,Free,46.01,45.52,Inside
M,Free,46.6,46.13,Outside
M,Free,46.6,46.28,Outside
M,Free,47.42,47.03,Inside
M,Free,47.16,47.1,Inside
M,Free,51.45,49.83,Outside
M,Free,51.58,51.99,Outside
F,Fly,59.77,58.03,Inside
F,Fly,61.52,60.14,Inside
F,Fly,103.25,99.43,Outside
M,Fly,54.49,53.08,Inside
M,Fly,54.03,53.19,Inside
M,Fly,55.96,53.99,Outside
M,Fly,56.1,55.09,Outside
M,Fly,56.29,57.95,Inside
M,Fly,60.78,59.8,Inside
F,Breast,73.68,69.68,Inside
F,Breast,71.93,70.09,Inside
F,Breast,108.62,104.64,Outside
F,Breast,107.53999999999999,109.75999999999999,Outside
F,Breast,121.06,122.98,Inside
M,Breast,61.96,58.19,Inside
M,Breast,63.64,64.1,Inside
M,Breast,70.77,70.21000000000001,Outside
M,Breast,71.07,71.02,Outside
M,Breast,97.44,92.38,Inside
F,Back,63.15,60.74,Inside
F,Back,69.03,65.8,Inside
F,Back,84.78999999999999,80.28,Outside
F,Back,112.78999999999999,106.99000000000001,Outside
M,Back,56.62,54.01,Inside
M,Back,57.86,56.5,Inside
F,Free,54.03,52.81,Inside
F,Free,55.14,53.89,Inside
F,Free,66.98,65.67,Outside
F,Free,69.1,69.25,Outside
F,Free,70.16,68.66,Inside
F,Free,75.59,75.52,Inside
M,Free,48.12,47.35,Inside
M,Free,48.15,48.06,Inside
M,Free,50.71,50.67,Outside
M,Free,51.56,51.95,Outside
M,Free,51.97,51.27,Inside
M,Free,54.96,53.38,Inside
