Gender,Stroke,PrelimsTime,FinalsTime,SeedTime,PrelimsDist,Lane
F,Fly,59.47,57.93,61.91,0,Inside
F,Fly,60.16,59.81,59.66,0,Inside
F,Fly,61.82,61.65,63.85,1,Outside
F,Fly,61.77,61.96,65.12,1,Outside
F,Fly,65.89,65.05,69.18,1,Inside
F,Fly,66.46,66.99,73.68,1,Inside
F,Fly,85.82,86.39,83.35,2,Outside
F,Fly,79.62,89.28999999999999,83.26,2,Outside
M,Fly,50.63,50.9,51.15,0,Inside
M,Fly,51.16,51.65,55.76,1,Inside
M,Fly,53.12,53.58,55.76,1,Outside
M,Fly,53.43,53.2,57.01,1,Inside
M,Fly,55.71,54.37,57.89,2,Outside
M,Fly,55.84,55.11,57.26,2,Outside
F,Breast,65.33,64.82,69.8,0,Inside
F,Breast,69.06,70.63,70.53,0,Inside
F,Breast,73.31,72.63,72.8,0,Outside
F,Breast,74.17,73.87,75.55,1,Outside
F,Breast,75.51,74.58,79.41,1,Inside
F,Breast,75.89,74.72,74.94,1,Inside
F,Breast,83.51,84.51,84.93,2,Outside
F,Breast,87.11,85.72,86.75,2,Outside
M,Breast,57.09,56.47,59.28,0,Inside
M,Breast,58.49,58.53,59.25,0,Inside
M,Breast,60.15,59.62,62.9,1,Outside
M,Breast,59.88,59.73,62.2,0,Outside
M,Breast,61.67,60.87,63.31,1,Inside
M,Breast,61.43,62.54,68.12,2,Inside
M,Breast,64.24,63.63,66.98,2,Outside
M,Breast,64.79,64.47,72.57,3,Outside
F,Back,59.84,59.15,60.7,0,Inside
F,Back,60.64,59.55,60.13,0,Inside
F,Back,67.1,66.3,70.15,1,Outside
F,Back,66.98,66.81,70.26,1,Outside
F,Back,68.17,66.35,69.73,0,Inside
F,Back,68.4,68.36,71.12,1,Inside
F,Back,87.41,88.61,89.25,2,Outside
F,Back,100.7,99.0,106.89,3,Outside
M,Back,51.88,50.41,52.08,0,Inside
M,Back,52.86,52.52,56.63,1,Inside
M,Back,57.33,58.06,59.65,1,Outside
M,Back,58.96,58.14,64.8,2,Outside
M,Back,66.98,64.63,66.82,2,Inside
M,Back,68.44,68.22,70.62,2,Inside
F,Free,54.69,53.43,53.2,0,Inside
F,Free,54.12,53.49,55.36,0,Inside
F,Free,57.92,57.08,57.34,0,Outside
F,Free,57.19,57.57,60.91,1,Outside
F,Free,58.17,58.7,59.6,1,Inside
F,Free,60.25,59.34,59.2,1,Inside
F,Free,64.81,62.59,66.27,2,Outside
F,Free,65.73,64.7,67.55,2,Outside
M,Free,46.59,45.97,46.5,0,Inside
M,Free,46.3,46.12,45.63,0,Inside
M,Free,47.41,47.51,50.2,1,Outside
M,Free,47.56,54.48,48.19,1,Outside
M,Free,47.67,48.18,48.39,1,Inside
M,Free,47.75,48.37,49.1,1,Inside
M,Free,49.62,48.96,50.97,2,Outside
M,Free,51.38,51.24,51.93,2,Outside
F,Fly,62.55,61.06,65.62,0,Inside
F,Fly,61.85,61.91,64.06,0,Inside
F,Fly,75.67,74.25,78.62,1,Outside
F,Fly,75.24,76.82,78.86,1,Outside
F,Fly,89.55,86.39,90.77,1,Inside
F,Fly,90.0,90.55,93.27000000000001,1,Inside
M,Fly,51.3,50.14,52.84,0,Inside
M,Fly,52.64,51.18,54.39,0,Inside
M,Fly,55.27,55.48,57.5,0,Outside
M,Fly,56.52,56.49,57.65,1,Outside
M,Fly,57.97,56.97,62.45,2,Inside
M,Fly,58.36,58.57,61.72,1,Inside
M,Fly,63.42,63.59,66.09,2,Outside
M,Fly,67.56,68.34,81.47,3,Outside
F,Breast,65.67,64.33,65.58,0,Inside
F,Breast,73.53999999999999,73.48,75.48,0,Inside
F,Breast,81.09,81.78,85.53999999999999,2,Outside
F,Breast,83.57,83.33,84.01,1,Outside
F,Breast,85.13,83.15,84.76,1,Inside
F,Breast,84.12,83.67,84.74,1,Inside
F,Breast,95.71000000000001,97.47,103.53,3,Outside
M,Breast,60.62,59.69,60.01,0,Inside
M,Breast,60.22,59.79,59.4,0,Inside
M,Breast,63.31,62.0,66.53,1,Outside
M,Breast,63.75,63.89,65.18,0,Outside
M,Breast,65.09,64.91,66.21,1,Inside
M,Breast,66.76,67.92,70.24,2,Inside
M,Breast,71.49,71.92,79.37,3,Outside
M,Breast,71.41,73.83,72.06,2,Outside
F,Back,66.8,65.13,68.55,0,Inside
F,Back,69.88,70.62,71.2,0,Inside
F,Back,77.59,75.24,74.97,0,Outside
F,Back,79.63,76.84,86.45,1,Outside
F,Back,80.28,82.42,81.72,1,Inside
F,Back,81.86,83.5,83.72,1,Inside
F,Back,90.94,89.41,95.15,2,Outside
F,Back,91.8,94.27000000000001,87.24,2,Outside
M,Back,54.2,50.39,52.5,0,Inside
M,Back,54.87,52.99,56.31,0,Inside
M,Back,57.53,56.23,59.17,1,Outside
M,Back,57.53,58.25,58.79,0,Outside
M,Back,61.17,60.63,60.86,1,Inside
M,Back,60.66,60.75,63.51,1,Inside
M,Back,67.28,69.48,74.01,2,Outside
M,Back,71.74,71.49,78.08,3,Outside
F,Free,54.67,54.44,55.63,0,Inside
F,Free,56.88,57.46,59.07,0,Inside
F,Free,60.55,60.76,65.17,1,Outside
F,Free,62.34,62.38,66.48,1,Outside
F,Free,64.15,64.53,67.91,1,Inside
F,Free,65.02,64.59,68.7,2,Inside
F,Free,70.16,68.36,69.14,2,Outside
F,Free,68.27,68.78999999999999,70.49,2,Outside
M,Free,47.15,45.83,47.21,0,Inside
M,Free,48.13,47.49,50.55,1,Inside
M,Free,48.6,48.76,49.38,0,Outside
M,Free,48.9,48.91,50.73,1,Outside
M,Free,49.62,49.86,50.93,1,Inside
M,Free,50.23,50.52,51.21,1,Inside
M,Free,54.41,53.77,56.27,3,Outside
M,Free,54.95,54.53,53.87,2,Outside
F,Free,54.89,52.76,54.2,0,Inside
F,Free,55.35,55.87,55.33,0,Inside
F,Free,60.15,57.69,61.97,1,Outside
F,Free,65.45,64.35,65.8,2,Outside
F,Free,65.95,65.32,64.97,2,Inside
F,Free,67.7,66.38,69.82,2,Inside
M,Free,46.04,45.89,45.96,0,Inside
M,Free,47.17,46.66,48.78,0,Inside
M,Free,49.1,48.46,50.3,1,Outside
M,Free,49.48,49.29,51.03,1,Outside
M,Free,50.72,49.85,53.2,2,Inside
M,Free,50.0,50.42,50.72,1,Inside
M,Free,52.07,51.33,51.36,1,Outside
M,Free,54.77,54.75,56.25,2,Outside
F,Fly,58.51,56.85,59.32,0,Inside
F,Fly,60.27,58.53,61.18,0,Inside
F,Fly,63.67,64.03,72.2,2,Outside
F,Fly,65.28,64.81,66.82,1,Outside
F,Fly,67.49,66.08,69.61,1,Inside
F,Fly,73.03,73.9,73.66,2,Inside
M,Fly,53.77,53.18,55.87,0,Inside
M,Fly,52.74,53.28,54.24,0,Inside
M,Fly,57.28,55.88,59.28,1,Outside
M,Fly,57.14,57.01,57.62,1,Outside
M,Fly,60.15,59.1,59.81,2,Inside
M,Fly,64.04,65.55,66.64,2,Inside
F,Breast,67.23,64.0,65.58,0,Inside
F,Breast,68.93,68.86,69.24,0,Inside
F,Breast,77.01,77.15,81.61,1,Outside
F,Breast,76.77,77.91,80.39,1,Outside
F,Breast,77.91,77.9,81.83,2,Inside
F,Breast,81.28,79.99,83.44,2,Inside
M,Breast,59.41,58.06,58.07,0,Inside
M,Breast,58.92,58.45,64.01,1,Inside
M,Breast,62.6,62.75,65.27,1,Outside
M,Breast,69.65,69.31,70.37,2,Outside
M,Breast,70.2,69.55,71.08,2,Inside
M,Breast,74.38,75.1,76.78999999999999,3,Inside
F,Back,60.86,59.54,61.33,0,Inside
F,Back,61.83,61.1,62.74,0,Inside
F,Back,68.85,69.47,70.02,1,Outside
F,Back,70.53999999999999,71.24,75.59,2,Outside
F,Back,70.78999999999999,69.73,70.94,2,Inside
F,Back,73.88,72.97,75.96000000000001,2,Inside
M,Back,53.52,52.73,53.97,0,Inside
M,Back,54.66,54.96,55.95,0,Inside
M,Back,59.52,59.41,64.44,2,Outside
M,Back,60.1,59.59,61.56,1,Outside
M,Back,60.7,61.65,64.4,1,Inside
M,Back,61.21,63.8,71.41,2,Inside
F,Fly,59.1,59.21,60.88,0,Inside
F,Fly,60.66,61.75,63.55,0,Inside
F,Fly,65.32,64.88,66.78,1,Outside
F,Fly,64.74,65.07,68.51,1,Outside
F,Fly,66.21,64.56,66.54,1,Inside
F,Fly,66.79,66.71,68.84,1,Inside
F,Fly,83.1,81.42,83.35,2,Outside
F,Fly,92.53999999999999,94.97999999999999,96.62,2,Outside
M,Fly,49.53,49.63,50.17,0,Inside
M,Fly,50.81,50.02,53.36,0,Inside
M,Fly,53.61,52.7,58.67,2,Outside
M,Fly,53.63,52.99,53.43,0,Outside
M,Fly,54.38,54.31,55.0,1,Inside
M,Fly,54.47,54.44,58.0,1,Inside
M,Fly,57.26,56.54,59.1,2,Outside
M,Fly,57.29,57.75,60.84,2,Outside
F,Breast,68.17,66.11,68.01,0,Inside
F,Breast,68.75,68.02,73.84,0,Inside
F,Breast,74.66,73.51,77.07,1,Outside
F,Breast,73.28999999999999,74.49,76.98,1,Outside
F,Breast,75.14,75.03999999999999,77.62,1,Inside
F,Breast,75.12,75.5,77.47,1,Inside
F,Breast,84.57,83.13,89.03,2,Outside
F,Breast,83.16,85.76,90.19,3,Outside
M,Breast,57.81,58.41,60.29,0,Inside
M,Breast,61.03,61.92,66.4,1,Inside
M,Breast,62.65,62.37,66.73,1,Outside
M,Breast,62.58,62.62,65.81,1,Outside
M,Breast,63.4,62.6,65.56,0,Inside
M,Breast,62.93,64.44,66.24,1,Inside
M,Breast,67.59,69.98,73.59,2,Outside
M,Breast,73.65,74.36,75.09,2,Outside
F,Back,62.97,62.21,62.33,0,Inside
F,Back,63.57,65.13,66.87,0,Inside
F,Back,68.16,66.18,68.61,0,Outside
F,Back,68.71000000000001,71.03,71.17,1,Outside
F,Back,69.0,68.61,69.13,0,Inside
F,Back,71.95,69.2,73.53999999999999,2,Outside
F,Back,70.28999999999999,69.84,72.28999999999999,1,Inside
F,Back,72.44,71.7,74.75,2,Outside
M,Back,51.36,51.26,53.97,0,Inside
M,Back,53.02,52.93,57.04,0,Inside
M,Back,57.88,57.43,58.73,0,Outside
M,Back,59.95,59.91,64.9,1,Outside
M,Back,63.23,62.22,63.37,1,Inside
M,Back,69.02,71.49,74.52,2,Outside
M,Back,76.89,77.1,79.58,2,Outside
F,Free,53.08,53.03,54.63,0,Inside
F,Free,54.68,53.92,55.26,0,Inside
F,Free,58.5,57.76,57.75,0,Outside
F,Free,58.29,58.37,59.52,1,Outside
F,Free,58.57,58.64,60.89,2,Inside
F,Free,58.68,59.22,59.09,1,Inside
F,Free,60.86,59.87,60.37,1,Outside
F,Free,60.41,60.27,62.74,3,Outside
F,Free,62.46,62.51,62.62,3,Inside
F,Free,62.19,62.6,65.03,3,Inside
F,Free,66.35,65.44,66.57,1,Outside
F,Free,67.74,67.09,68.82,1,Outside
M,Free,46.43,45.59,45.64,0,Inside
M,Free,45.49,45.77,46.87,0,Inside
M,Free,48.87,48.44,49.41,0,Outside
M,Free,48.94,48.52,51.56,1,Outside
M,Free,49.45,48.88,53.55,3,Inside
M,Free,48.95,49.29,51.37,1,Inside
M,Free,51.28,50.88,52.8,2,Outside
M,Free,50.66,51.05,52.48,2,Outside
M,Free,51.61,51.16,52.16,2,Inside
M,Free,51.43,51.2,51.14,1,Inside
M,Free,54.05,53.45,54.14,3,Outside
M,Free,54.96,54.74,55.29,0,Outside
F,Fly,62.26,60.82,64.01,0,Inside
F,Fly,61.22,61.31,61.84,0,Inside
F,Fly,76.26,76.22,74.3,1,Outside
F,Fly,77.23,77.68,79.15,1,Outside
F,Fly,89.89,89.31,90.91,2,Inside
M,Fly,52.87,51.52,52.85,0,Inside
M,Fly,53.28,53.04,56.56,0,Inside
M,Fly,57.43,56.85,61.15,2,Outside
M,Fly,56.7,57.2,57.72,0,Outside
M,Fly,57.78,56.57,58.07,1,Inside
M,Fly,57.8,58.85,58.29,1,Inside
M,Fly,64.97,66.05,71.09,2,Outside
M,Fly,67.8,69.91,72.15,2,Outside
F,Breast,69.01,69.68,69.03999999999999,0,Inside
F,Breast,71.2,70.44,73.05,0,Inside
F,Breast,75.89,74.59,77.11,1,Outside
F,Breast,80.49,80.6,80.84,1,Outside
F,Breast,82.17,80.74,82.5,1,Inside
F,Breast,81.81,80.81,82.98,1,Inside
F,Breast,89.0,90.08,91.37,2,Outside
F,Breast,90.34,94.11,90.49,2,Outside
M,Breast,59.0,57.84,60.83,0,Inside
M,Breast,59.59,58.75,61.14,0,Inside
M,Breast,63.38,63.47,64.12,1,Outside
M,Breast,65.47,66.86,67.01,1,Outside
M,Breast,65.79,64.13,66.58,1,Inside
M,Breast,65.58,66.15,68.48,1,Inside
M,Breast,78.31,77.38,77.9,2,Outside
F,Back,58.59,57.59,59.53,0,Inside
F,Back,60.39,60.55,60.52,0,Inside
F,Back,71.93,71.13,72.96000000000001,1,Outside
F,Back,72.61,74.76,75.72,1,Outside
F,Back,73.8,72.9,74.41,1,Inside
F,Back,74.76,74.47,76.49,1,Inside
F,Back,88.71000000000001,88.99,92.53999999999999,2,Outside
F,Back,90.38,90.86,91.1,2,Outside
M,Back,53.55,52.37,54.41,0,Inside
M,Back,54.46,53.58,53.77,0,Inside
M,Back,58.65,56.76,57.98,0,Outside
M,Back,57.46,58.73,57.87,0,Outside
M,Back,59.58,58.26,60.44,1,Inside
M,Back,61.22,61.06,60.78,1,Inside
M,Back,67.52,68.15,72.78999999999999,2,Outside
M,Back,71.34,70.81,74.62,2,Outside
F,Free,54.48,55.06,56.46,0,Inside
F,Free,56.85,57.7,55.06,0,Inside
F,Free,59.44,59.06,58.55,0,Outside
F,Free,59.63,59.68,60.68,1,Outside
F,Free,61.8,61.73,62.95,1,Inside
F,Free,61.16,61.82,63.43,1,Inside
F,Free,83.23,80.31,83.53,2,Outside
F,Free,90.08,88.41,88.51,2,Outside
M,Free,46.24,45.09,45.76,0,Inside
M,Free,47.99,46.91,48.44,0,Inside
M,Free,50.04,49.74,52.18,1,Outside
M,Free,50.05,53.05,52.39,1,Outside
M,Free,50.45,49.62,51.41,1,Inside
M,Free,50.35,50.13,51.6,1,Inside
M,Free,53.5,52.25,53.65,2,Outside
M,Free,53.69,52.35,53.99,2,Outside
F,Fly,63.66,60.54,61.18,0,Inside
F,Fly,68.85,64.55,67.66,0,Inside
F,Fly,96.89,99.58,101.27000000000001,3,Outside
F,Fly,105.5,105.00999999999999,113.74000000000001,3,Outside
M,Fly,54.02,51.1,54.98,0,Inside
M,Fly,53.19,52.38,53.42,0,Inside
M,Fly,58.15,58.54,58.73,1,Outside
M,Fly,58.03,59.33,63.22,2,Outside
M,Fly,61.77,59.65,63.16,1,Inside
M,Fly,61.22,60.24,64.42,2,Inside
F,Breast,73.35,72.17,73.6,0,Inside
F,Breast,76.53,73.88,78.13,0,Inside
M,Breast,62.51,60.54,62.5,0,Inside
M,Breast,63.41,61.11,68.11,0,Inside
M,Breast,69.13,68.85,76.6,1,Outside
M,Breast,69.83,69.58,70.53,1,Outside
M,Breast,71.36,70.61,80.12,2,Inside
M,Breast,73.25,73.39,75.9,1,Inside
M,Breast,84.85,80.78,81.4,2,Outside
M,Breast,83.83,83.57,83.37,2,Outside
F,Back,65.59,57.76,62.42,0,Inside
F,Back,66.37,63.15,67.97,0,Inside
F,Back,83.48,81.48,85.61,2,Outside
F,Back,83.53,86.28999999999999,101.97999999999999,2,Outside
F,Back,84.48,88.05,83.91,1,Inside
F,Back,94.72999999999999,96.27000000000001,95.65,2,Inside
M,Back,55.91,53.53,57.49,0,Inside
M,Back,57.27,56.87,59.86,0,Inside
M,Back,60.47,60.83,64.32,1,Outside
M,Back,61.35,61.05,62.06,1,Outside
M,Back,63.27,62.73,65.76,2,Inside
M,Back,79.72,75.37,79.95,3,Outside
F,Free,52.18,52.55,52.99,0,Inside
F,Free,54.42,54.35,55.98,0,Inside
F,Free,59.06,58.85,59.5,0,Outside
F,Free,60.44,62.01,64.71,1,Outside
F,Free,62.81,61.43,64.31,1,Inside
F,Free,63.71,62.03,65.93,1,Inside
F,Free,89.01,88.99,97.31,2,Outside
F,Free,91.8,94.45,99.55,2,Outside
M,Free,48.16,46.86,49.56,0,Inside
M,Free,48.05,49.12,51.1,0,Inside
M,Free,50.62,49.81,54.2,1,Outside
M,Free,50.53,50.5,54.95,1,Outside
M,Free,51.07,50.64,54.86,1,Inside
M,Free,51.07,51.01,54.59,1,Inside
M,Free,55.74,55.98,58.0,2,Outside
M,Free,55.53,56.63,57.69,2,Outside
F,Fly,58.3,56.51,56.72,0,Inside
F,Fly,59.79,58.34,59.28,0,Outside
F,Fly,58.64,58.44,59.34,1,Inside
F,Fly,59.65,59.2,59.52,1,Outside
F,Fly,60.02,59.13,58.01,0,Inside
F,Fly,60.37,60.12,59.79,1,Inside
F,Fly,62.01,60.94,61.07,2,Outside
F,Fly,62.02,61.87,61.94,2,Outside
M,Fly,47.98,46.49,48.42,0,Inside
M,Fly,49.43,49.03,49.75,0,Inside
M,Fly,51.02,50.12,51.36,1,Outside
M,Fly,51.75,50.66,51.83,1,Outside
M,Fly,51.77,51.68,51.9,2,Inside
M,Fly,51.87,51.76,51.3,1,Inside
M,Fly,52.46,52.0,52.45,2,Outside
M,Fly,52.49,52.71,52.43,2,Outside
F,Breast,64.55,64.19,64.51,0,Inside
F,Breast,64.49,65.35,64.05,0,Inside
F,Breast,69.37,68.4,69.98,1,Outside
F,Breast,69.73,69.1,68.36,1,Outside
F,Breast,69.9,69.27,70.48,1,Inside
F,Breast,69.9,70.52,70.72,2,Inside
F,Breast,71.75,70.95,70.92,2,Outside
F,Breast,72.01,74.98,71.07,2,Outside
M,Breast,56.39,55.52,55.73,0,Inside
M,Breast,56.19,56.95,57.42,0,Inside
M,Breast,57.86,57.06,58.71,2,Outside
M,Breast,57.84,57.68,57.61,1,Outside
M,Breast,58.14,57.96,59.1,3,Inside
M,Breast,58.03,58.16,56.85,0,Inside
M,Breast,59.22,58.28,57.31,0,Outside
M,Breast,59.0,58.9,58.65,2,Outside
F,Back,56.87,56.2,58.82,0,Inside
F,Back,58.26,57.17,56.95,0,Inside
F,Back,59.88,59.74,60.33,1,Outside
F,Back,59.99,60.54,59.97,0,Outside
F,Back,60.2,59.52,59.65,0,Inside
F,Back,60.04,60.57,60.01,1,Inside
F,Back,62.39,61.91,62.76,3,Outside
F,Back,62.3,62.24,61.55,2,Outside
M,Back,51.3,50.2,51.0,0,Inside
M,Back,51.56,50.66,52.32,1,Inside
M,Back,52.17,51.41,51.0,0,Outside
M,Back,52.58,52.67,51.8,0,Outside
M,Back,52.7,53.07,52.84,1,Inside
M,Back,52.68,53.15,53.33,2,Inside
M,Back,54.55,54.36,53.78,2,Outside
M,Back,54.76,54.4,53.82,2,Outside
F,Free,52.6,52.43,52.79,0,Inside
F,Free,52.94,52.91,52.45,0,Inside
F,Free,54.11,53.84,53.02,0,Outside
F,Free,54.09,54.31,53.23,1,Outside
F,Free,54.95,53.32,53.94,1,Outside
F,Free,54.5,54.36,54.12,2,Inside
F,Free,54.28,54.96,53.99,1,Inside
F,Free,54.95,55.0,54.34,2,Outside
M,Free,45.23,43.83,44.94,0,Inside
M,Free,45.13,45.06,45.96,1,Inside
M,Free,46.24,46.15,45.92,1,Outside
M,Free,46.4,46.3,45.91,1,Outside
M,Free,46.47,46.64,46.93,2,Inside
M,Free,47.38,46.83,46.89,2,Outside
M,Free,47.33,47.04,46.7,2,Outside
M,Free,46.52,47.06,46.55,1,Inside
F,Fly,64.98,62.81,65.67,0,Inside
F,Fly,67.64,67.27,70.4,0,Inside
F,Fly,75.0,75.47,81.11,1,Outside
F,Fly,76.87,75.89,82.53999999999999,2,Inside
F,Fly,74.31,77.28,82.68,2,Outside
F,Fly,78.12,77.95,81.75,2,Inside
F,Fly,117.94,115.92,119.41,3,Outside
M,Fly,55.62,53.93,58.0,0,Inside
M,Fly,55.72,54.1,56.87,0,Inside
M,Fly,58.53,58.29,60.98,1,Outside
M,Fly,59.43,59.51,61.84,1,Outside
M,Fly,62.09,62.36,64.76,2,Inside
F,Breast,74.62,75.08,76.27,0,Inside
F,Breast,75.1,75.14,77.47,0,Inside
F,Breast,111.85,109.67,121.27,1,Outside
F,Breast,115.68,112.95,112.77000000000001,1,Outside
M,Breast,61.76,61.21,65.32,0,Inside
M,Breast,61.67,61.35,66.02,0,Inside
M,Breast,66.27,62.52,72.71000000000001,1,Outside
M,Breast,67.81,65.58,71.57,1,Inside
M,Breast,66.77,66.89,70.07,1,Outside
M,Breast,67.33,67.62,70.82,1,Inside
M,Breast,78.22,76.16,78.8,1,Outside
M,Breast,79.08,77.13,88.48,2,Outside
M,Breast,81.21000000000001,80.66,89.83,2,Inside
M,Breast,81.64,82.19,107.99000000000001,3,Inside
F,Back,62.13,61.92,64.35,0,Inside
F,Back,65.32,63.92,66.92,0,Inside
F,Back,70.25,67.89,73.33,1,Outside
F,Back,71.07,72.45,73.03,1,Outside
F,Back,71.28999999999999,73.06,74.87,1,Inside
F,Back,72.94,73.1,75.43,1,Inside
F,Back,78.46000000000001,77.22,78.18,2,Outside
F,Back,80.19,77.38,79.33,2,Outside
F,Back,90.37,91.27,95.50999999999999,2,Inside
M,Back,60.95,55.01,56.64,0,Inside
M,Back,59.25,57.76,62.04,1,Inside
M,Back,71.7,69.42,71.24,3,Outside
M,Back,76.72,77.52,82.71000000000001,3,Outside
F,Free,57.12,56.83,58.12,0,Inside
F,Free,57.26,57.32,57.48,0,Inside
F,Free,59.77,57.69,59.54,0,Outside
F,Free,60.5,59.62,60.71,1,Outside
F,Free,60.71,60.2,61.58,1,Inside
F,Free,60.83,60.23,61.39,1,Inside
F,Free,61.93,61.61,63.45,2,Outside
F,Free,63.39,64.58,67.41,3,Outside
F,Free,65.77,64.64,66.16,2,Inside
F,Free,65.98,64.83,66.18,2,Inside
F,Free,92.32,90.36,92.85,0,Outside
F,Free,99.34,90.75,93.25,0,Outside
M,Free,48.15,47.72,51.57,0,Inside
M,Free,50.1,49.17,51.36,0,Outside
M,Free,49.2,49.68,50.16,0,Inside
M,Free,50.38,50.3,53.01,1,Outside
M,Free,50.56,49.86,53.45,1,Inside
M,Free,52.25,51.86,53.14,1,Inside
M,Free,56.03,55.81,57.4,2,Outside
M,Free,57.72,57.63,60.34,2,Outside
M,Free,58.69,58.67,61.98,2,Inside
M,Free,61.45,63.72,65.41,3,Inside
F,Fly,58.16,58.01,62.52,0,Inside
F,Fly,59.15,58.83,60.52,0,Inside
F,Fly,61.11,60.8,59.79,0,Outside
F,Fly,63.78,62.15,64.24,1,Outside
F,Fly,64.22,63.21,68.78999999999999,2,Inside
F,Fly,65.06,63.67,64.77,1,Inside
F,Fly,81.27,79.63,84.16,2,Outside
F,Fly,81.42,81.86,79.64,2,Outside
M,Fly,50.78,50.52,50.37,0,Inside
M,Fly,51.88,51.83,52.75,0,Inside
M,Fly,53.61,52.45,55.27,1,Outside
M,Fly,53.1,53.08,55.14,1,Outside
M,Fly,54.06,54.79,54.32,0,Inside
M,Fly,55.18,55.02,55.24,1,Inside
M,Fly,57.3,55.83,56.58,2,Outside
M,Fly,57.1,58.4,61.19,2,Outside
F,Breast,66.71,64.51,65.05,0,Inside
F,Breast,67.62,67.1,71.19,0,Inside
F,Breast,71.24,71.07,74.93,0,Outside
F,Breast,71.91,72.66,76.74,1,Outside
F,Breast,73.58,72.07,78.03999999999999,2,Inside
F,Breast,74.45,74.1,77.51,1,Inside
F,Breast,79.78999999999999,77.76,81.1,2,Outside
F,Breast,77.12,79.97,76.96000000000001,1,Outside
M,Breast,57.27,56.19,55.73,0,Inside
M,Breast,57.54,56.85,59.32,0,Inside
M,Breast,59.75,58.71,60.5,0,Outside
M,Breast,59.96,58.78,63.44,1,Outside
M,Breast,60.48,59.98,65.69,1,Inside
M,Breast,63.48,63.14,64.43,1,Inside
M,Breast,81.69,81.32,100.88,2,Outside
F,Back,59.13,59.14,59.86,0,Inside
F,Back,59.97,61.25,64.54,0,Inside
F,Back,63.43,63.53,67.07,1,Outside
F,Back,63.45,63.71,65.11,0,Outside
F,Back,64.16,63.87,66.18,1,Inside
F,Back,66.08,65.04,68.63,1,Inside
F,Back,71.84,71.35,73.78999999999999,3,Outside
F,Back,71.97,71.87,74.41,3,Outside
M,Back,52.31,52.33,53.86,0,Inside
M,Back,53.03,52.9,52.55,0,Inside
M,Back,56.19,55.5,56.44,0,Outside
M,Back,55.17,55.55,56.76,1,Outside
M,Back,57.2,56.89,57.55,1,Inside
M,Back,57.48,57.95,62.72,1,Inside
M,Back,63.78,64.32,65.99,2,Outside
M,Back,67.88,67.86,67.83,2,Outside
F,Free,53.76,53.02,55.33,0,Inside
F,Free,55.35,54.34,55.45,0,Outside
F,Free,54.15,54.36,59.23,2,Inside
F,Free,55.62,55.12,55.87,0,Outside
F,Free,56.41,55.81,59.02,2,Inside
F,Free,56.04,56.11,57.51,1,Inside
F,Free,58.98,57.87,59.28,2,Outside
F,Free,60.74,60.65,61.05,3,Outside
M,Free,46.22,45.85,45.52,0,Inside
M,Free,47.21,46.55,46.96,0,Inside
M,Free,48.69,48.99,50.7,1,Outside
M,Free,48.37,49.42,53.28,2,Outside
M,Free,49.39,48.69,50.75,1,Inside
M,Free,49.57,49.02,54.51,3,Inside
M,Free,51.76,51.79,53.62,3,Outside
M,Free,51.7,52.23,53.24,2,Outside
F,Fly,58.97,56.72,58.36,0,Inside
F,Fly,61.24,60.24,63.07,0,Inside
F,Fly,74.2,73.12,79.73,2,Outside
F,Fly,74.15,73.37,78.51,2,Outside
F,Fly,83.9,80.98,93.45,3,Inside
F,Fly,91.82,92.65,93.0,2,Inside
M,Fly,52.01,51.3,56.08,0,Inside
M,Fly,53.96,53.8,55.74,0,Inside
M,Fly,57.68,56.1,58.88,1,Outside
M,Fly,56.87,56.82,59.35,1,Outside
M,Fly,60.16,59.43,64.85,2,Inside
M,Fly,65.15,64.35,68.2,2,Inside
F,Breast,68.36,69.24,71.75,0,Inside
F,Breast,70.08,70.82,70.6,0,Inside
F,Breast,75.21000000000001,74.59,78.44,1,Outside
F,Breast,75.86,76.36,76.83,1,Outside
F,Breast,76.27,76.07,75.94,0,Inside
F,Breast,77.3,77.19,76.25,1,Inside
F,Breast,85.36,85.53,86.42,2,Outside
F,Breast,89.91,88.34,82.23,2,Outside
M,Breast,57.45,58.25,58.5,0,Inside
M,Breast,63.64,63.36,66.96,1,Outside
M,Breast,64.43,64.15,66.94,1,Outside
M,Breast,65.28,64.76,65.57,1,Inside
M,Breast,66.1,65.06,70.21000000000001,1,Inside
M,Breast,81.17,79.68,81.49,2,Outside
M,Breast,87.7,83.74,81.39,2,Outside
F,Back,60.68,60.01,63.09,0,Inside
F,Back,62.0,60.33,62.51,0,Inside
F,Back,73.35,70.64,72.09,1,Outside
F,Back,75.21000000000001,74.78999999999999,82.11,2,Outside
F,Back,79.24,77.72,80.88,1,Inside
F,Back,83.48,84.48,87.15,2,Inside
M,Back,54.52,54.47,58.1,0,Inside
M,Back,54.33,54.72,54.79,0,Inside
M,Back,60.44,58.76,61.06,1,Outside
M,Back,60.91,60.85,65.45,1,Outside
M,Back,63.91,63.73,69.15,1,Inside
M,Back,64.47,64.19,65.0,1,Inside
M,Back,76.69,76.72,83.09,2,Outside
F,Free,55.36,54.92,57.21,0,Inside
F,Free,55.42,55.45,57.0,0,Inside
F,Free,58.52,58.03,60.73,1,Outside
F,Free,60.21,60.69,59.0,0,Outside
F,Free,64.56,62.82,65.58,1,Inside
F,Free,65.52,64.63,67.39,2,Outside
F,Free,64.15,64.98,66.0,1,Inside
F,Free,65.43,67.23,69.36,2,Outside
M,Free,46.78,45.61,49.01,0,Inside
M,Free,47.17,46.89,48.41,0,Inside
M,Free,48.99,48.37,52.21,1,Outside
M,Free,49.4,49.13,50.62,1,Outside
M,Free,50.17,48.57,48.94,0,Inside
M,Free,53.69,52.36,55.26,2,Outside
M,Free,53.38,53.74,54.14,2,Outside
M,Free,50.96,53.91,50.98,1,Inside
F,Fly,60.25,57.54,57.96,0,Inside
F,Fly,62.42,59.05,61.19,0,Inside
F,Fly,63.96,61.94,62.03,0,Outside
F,Fly,65.85,64.11,68.41,1,Outside
F,Fly,67.22,67.75,67.27,1,Inside
F,Fly,72.2,72.51,79.57,3,Inside
F,Fly,78.77,79.21000000000001,79.99,3,Outside
M,Fly,51.0,49.52,53.29,0,Inside
M,Fly,50.65,49.75,50.88,0,Inside
M,Fly,55.86,55.57,57.47,1,Outside
M,Fly,58.18,55.89,57.86,2,Outside
M,Fly,58.84,58.74,60.13,2,Inside
F,Breast,68.37,64.05,68.78999999999999,0,Inside
F,Breast,71.3,70.72,72.88,0,Inside
F,Breast,77.96000000000001,77.71000000000001,81.38,1,Outside
F,Breast,78.49,78.36,82.58,1,Outside
F,Breast,78.75,78.86,83.67,1,Inside
F,Breast,80.91,79.36,83.16,1,Inside
F,Breast,89.18,87.65,91.94,2,Outside
F,Breast,87.72,87.74,85.97,2,Outside
M,Breast,58.08,56.52,57.15,0,Inside
M,Breast,57.97,57.44,58.2,0,Inside
M,Breast,60.01,58.49,60.1,0,Outside
M,Breast,60.31,59.58,62.32,1,Outside
M,Breast,60.36,59.33,63.66,2,Inside
M,Breast,60.66,60.19,61.77,1,Inside
M,Breast,65.06,62.99,64.84,2,Outside
M,Breast,63.92,63.98,69.68,2,Outside
F,Back,59.62,57.21,57.23,0,Inside
F,Back,62.26,60.76,65.99,0,Inside
F,Back,67.31,66.08,73.33,2,Outside
F,Back,66.16,66.23,71.81,1,Outside
F,Back,68.99,66.69,69.65,1,Inside
F,Back,76.42,76.06,79.55,2,Outside
M,Back,51.58,51.0,52.56,0,Inside
M,Back,51.93,51.0,51.82,0,Inside
M,Back,55.03,54.71,55.79,0,Outside
M,Back,56.5,57.32,63.68,2,Outside
M,Back,57.42,57.4,60.6,1,Inside
M,Back,60.68,59.22,61.98,1,Inside
M,Back,63.54,64.11,64.35,2,Outside
F,Free,54.05,52.86,53.6,0,Inside
F,Free,54.12,54.16,56.5,0,Inside
F,Free,58.43,57.82,60.17,1,Outside
F,Free,59.19,59.47,61.67,1,Outside
F,Free,59.86,58.21,59.95,0,Inside
F,Free,60.5,59.87,64.18,2,Inside
F,Free,66.52,65.54,69.66,3,Outside
F,Free,68.78,66.74,74.66,3,Outside
M,Free,45.85,44.73,45.72,0,Inside
M,Free,45.94,45.09,46.2,0,Inside
M,Free,46.82,46.7,47.67,1,Outside
M,Free,46.75,47.25,47.04,0,Outside
M,Free,47.22,46.98,47.52,1,Inside
M,Free,47.75,48.01,49.32,1,Inside
M,Free,49.73,49.26,50.11,1,Outside
M,Free,50.67,51.9,52.42,2,Outside
F,Fly,61.22,59.28,60.35,0,Inside
F,Fly,62.54,62.47,61.14,0,Inside
F,Fly,95.61,91.43,94.28,1,Outside
F,Fly,102.92,102.28999999999999,103.28,1,Inside
M,Fly,51.4,48.42,50.36,0,Inside
M,Fly,53.65,52.66,57.1,0,Inside
M,Fly,61.44,57.37,64.95,1,Outside
M,Fly,59.84,58.26,63.72,1,Outside
M,Fly,62.28,60.76,65.0,1,Inside
M,Fly,62.99,61.96,65.56,2,Inside
F,Breast,73.95,71.25,72.34,0,Inside
F,Breast,76.2,73.42,74.34,0,Inside
F,Breast,83.13,76.32,81.44,1,Outside
F,Breast,84.64,81.83,83.8,1,Outside
F,Breast,91.08,88.34,95.65,2,Inside
F,Breast,90.99,90.33,93.46000000000001,2,Inside
M,Breast,61.77,57.61,59.5,0,Inside
M,Breast,60.3,59.6,60.65,0,Inside
M,Breast,76.09,73.4,83.31,2,Outside
M,Breast,76.98,76.16,80.46000000000001,1,Outside
M,Breast,78.41,78.66,80.47,1,Inside
M,Breast,81.62,79.72,83.24,2,Inside
F,Back,63.59,58.28,61.82,0,Inside
F,Back,64.98,62.99,68.64,0,Inside
F,Back,72.85,67.94,71.72,1,Outside
F,Back,74.32,72.81,73.71000000000001,1,Outside
F,Back,82.16,80.26,82.99,2,Inside
F,Back,82.03999999999999,82.5,84.35,2,Inside
M,Back,57.84,54.69,57.33,0,Inside
M,Back,57.25,55.03,56.52,0,Inside
M,Back,62.48,61.31,64.22,1,Outside
M,Back,63.98,61.55,66.46,1,Inside
M,Back,67.81,66.87,73.24,2,Inside
M,Back,76.82,77.64,79.98,3,Outside
F,Free,54.76,53.87,55.3,0,Inside
F,Free,55.28,54.94,57.2,0,Inside
F,Free,58.12,56.76,59.55,1,Outside
F,Free,57.68,58.0,61.93,2,Outside
F,Free,61.29,59.51,65.12,2,Inside
F,Free,61.0,61.07,61.72,1,Inside
F,Free,98.66,95.31,95.0,3,Outside
M,Free,47.46,44.94,45.47,0,Inside
M,Free,48.81,48.3,49.43,0,Inside
M,Free,50.81,49.79,53.04,1,Outside
M,Free,50.35,50.59,52.75,1,Outside
M,Free,50.83,51.56,53.98,1,Inside
M,Free,52.15,52.4,53.27,1,Inside
M,Free,58.85,57.66,58.28,2,Outside
M,Free,57.79,58.75,60.23,2,Outside
F,Fly,62.04,60.09,64.44,0,Inside
F,Fly,61.99,62.66,63.98,0,Inside
F,Fly,72.18,73.26,79.16,1,Outside
F,Fly,79.76,82.84,80.42,1,Outside
F,Fly,81.91,74.71000000000001,84.45,1,Inside
F,Fly,86.14,85.7,88.52,1,Inside
F,Fly,104.25,103.7,105.84,2,Outside
F,Fly,109.92,111.72999999999999,109.53,2,Outside
M,Fly,51.85,49.92,51.79,0,Inside
M,Fly,51.83,52.33,56.64,0,Inside
M,Fly,54.84,54.25,55.35,0,Outside
M,Fly,54.82,54.94,54.58,0,Outside
M,Fly,55.36,55.81,56.57,0,Inside
M,Fly,56.01,56.65,57.97,1,Inside
M,Fly,58.41,58.47,61.73,2,Outside
M,Fly,58.69,59.0,61.67,2,Outside
F,Breast,65.55,63.97,67.9,0,Inside
F,Breast,70.91,67.95,69.48,0,Inside
F,Breast,80.86,81.6,81.48,1,Outside
F,Breast,80.53999999999999,82.34,83.6,1,Outside
F,Breast,81.32,80.78,86.47,1,Inside
F,Breast,81.85,81.11,86.85,1,Inside
F,Breast,96.75999999999999,93.77000000000001,100.4,2,Outside
F,Breast,97.66,98.41,101.0,2,Outside
M,Breast,61.31,60.29,61.33,0,Inside
M,Breast,62.22,62.95,68.1,1,Inside
M,Breast,64.51,65.57,70.67,1,Outside
M,Breast,64.47,66.17,69.43,1,Outside
M,Breast,64.56,64.11,66.09,0,Inside
M,Breast,67.38,66.09,69.32,1,Inside
M,Breast,71.62,70.2,74.13,2,Outside
M,Breast,73.09,71.87,75.97,2,Outside
F,Back,60.78,60.52,63.9,0,Inside
F,Back,63.26,62.76,64.38,0,Inside
F,Back,70.12,68.21000000000001,69.67,0,Outside
F,Back,72.58,73.34,76.06,1,Outside
F,Back,72.82,72.14,79.47,1,Inside
F,Back,74.58,73.94,74.62,1,Inside
F,Back,85.78999999999999,85.38,90.39,3,Outside
F,Back,86.43,86.46000000000001,89.89,3,Outside
M,Back,54.13,51.06,52.21,0,Inside
M,Back,53.21,53.76,54.58,0,Inside
M,Back,61.84,61.73,64.98,1,Outside
M,Back,60.98,62.59,63.8,1,Outside
M,Back,63.55,60.86,65.29,1,Inside
M,Back,62.05,61.13,63.39,1,Inside
M,Back,67.74,68.51,67.43,1,Outside
M,Back,67.26,68.64,71.7,2,Outside
F,Free,53.95,53.93,55.5,0,Inside
F,Free,54.33,53.94,56.26,0,Inside
F,Free,59.87,59.2,59.77,0,Outside
F,Free,59.76,61.77,64.28,1,Outside
F,Free,60.13,58.79,61.66,1,Inside
F,Free,60.35,59.17,62.26,1,Inside
F,Free,77.15,73.43,79.88,2,Outside
F,Free,76.16,75.9,81.26,2,Outside
M,Free,47.5,47.08,48.24,0,Inside
M,Free,47.47,47.18,47.42,0,Inside
M,Free,49.94,50.1,54.12,1,Outside
M,Free,50.33,50.21,52.64,1,Outside
M,Free,50.85,50.42,55.22,2,Inside
M,Free,50.43,51.07,53.82,1,Inside
M,Free,54.39,54.45,56.79,2,Outside
M,Free,56.69,56.98,61.78,2,Outside
F,Fly,61.73,59.52,61.9,0,Inside
F,Fly,62.63,61.07,62.88,0,Inside
F,Fly,70.48,68.65,71.81,1,Outside
F,Fly,69.67,75.11,73.69,1,Outside
F,Fly,72.0,69.52,70.53999999999999,1,Inside
F,Fly,72.36,69.59,73.78,2,Inside
F,Fly,83.58,80.67,87.28999999999999,3,Outside
F,Fly,83.18,84.45,84.39,2,Outside
M,Fly,51.08,50.59,49.91,0,Inside
M,Fly,52.43,52.61,58.93,1,Inside
M,Fly,58.33,55.57,59.3,1,Outside
M,Fly,57.46,56.79,59.5,1,Outside
M,Fly,58.63,57.49,59.67,1,Inside
M,Fly,58.53,57.83,62.76,2,Inside
M,Fly,60.7,58.84,62.25,2,Outside
M,Fly,61.08,59.36,61.46,2,Outside
F,Breast,70.45,66.47,67.44,0,Inside
F,Breast,70.1,69.98,74.81,0,Inside
F,Breast,77.46000000000001,77.66,82.23,1,Outside
F,Breast,79.47,78.76,81.41,1,Outside
F,Breast,79.82,78.17,81.31,1,Inside
F,Breast,79.93,79.06,84.88,1,Inside
F,Breast,86.01,84.45,87.46000000000001,2,Outside
F,Breast,85.88,86.13,86.59,2,Outside
M,Breast,60.56,57.56,58.88,0,Inside
M,Breast,60.5,59.76,61.19,0,Inside
M,Breast,62.33,61.51,71.75,2,Outside
M,Breast,62.44,62.34,65.58,0,Outside
M,Breast,63.31,63.52,68.71000000000001,1,Inside
M,Breast,64.31,64.64,69.9,1,Inside
M,Breast,70.71000000000001,69.9,76.61,1,Outside
M,Breast,72.64,70.96000000000001,75.47,2,Outside
F,Back,61.3,61.35,63.07,0,Inside
F,Back,62.54,61.55,64.12,0,Inside
F,Back,66.88,68.26,68.97,1,Outside
F,Back,69.75,69.06,70.93,1,Outside
F,Back,69.83,70.0,73.66,1,Inside
F,Back,69.95,71.13,72.78,1,Inside
F,Back,74.69,73.3,78.94,2,Outside
F,Back,75.58,74.37,77.74,2,Outside
M,Back,53.65,53.33,55.71,0,Inside
M,Back,53.55,53.47,57.01,0,Inside
M,Back,58.42,56.69,61.0,0,Outside
M,Back,60.09,58.28,63.53,1,Outside
M,Back,60.95,59.86,71.84,2,Inside
M,Back,61.34,60.57,64.39,1,Inside
M,Back,69.03,66.23,70.78999999999999,2,Outside
M,Back,74.41,73.78999999999999,77.8,2,Outside
F,Free,54.36,52.28,54.87,0,Inside
F,Free,55.23,53.75,54.86,0,Inside
F,Free,57.94,56.82,59.12,0,Outside
F,Free,57.83,57.34,59.67,1,Outside
F,Free,59.41,58.65,59.97,1,Inside
F,Free,58.09,58.77,59.95,1,Inside
F,Free,62.02,60.51,65.05,3,Outside
F,Free,62.44,61.13,64.79,3,Outside
F,Free,62.56,61.04,63.01,2,Inside
F,Free,62.76,62.17,64.59,2,Inside
F,Free,68.44,66.29,68.45,3,Outside
F,Free,68.38,67.24,66.63,3,Outside
M,Free,46.3,45.91,47.77,0,Inside
M,Free,46.93,47.09,48.6,0,Inside
M,Free,50.22,50.31,51.97,2,Outside
M,Free,49.77,52.46,50.7,0,Outside
M,Free,50.42,49.76,51.0,1,Inside
M,Free,51.04,50.33,51.03,1,Outside
M,Free,50.64,50.41,51.74,2,Inside
M,Free,51.22,50.61,51.36,1,Outside
M,Free,51.36,51.33,52.52,2,Inside
M,Free,51.28,51.48,53.39,3,Inside
M,Free,53.79,52.64,55.35,0,Outside
M,Free,53.21,52.8,52.88,3,Outside
F,Fly,58.01,56.65,57.11,0,Inside
F,Fly,57.23,56.74,58.03,0,Inside
F,Fly,60.1,60.46,59.75,0,Outside
F,Fly,60.13,60.5,61.82,3,Outside
F,Fly,60.23,59.59,58.64,0,Inside
F,Fly,60.85,60.8,61.2,2,Outside
F,Fly,60.37,61.21,60.14,1,Inside
F,Fly,61.33,61.65,61.04,2,Outside
M,Fly,49.47,48.57,50.35,0,Inside
M,Fly,50.83,50.41,49.7,0,Inside
M,Fly,51.36,51.36,51.88,1,Outside
M,Fly,51.31,52.4,51.69,1,Outside
M,Fly,51.61,50.69,50.75,0,Inside
M,Fly,51.51,51.13,49.8,0,Inside
M,Fly,53.35,53.42,52.26,2,Outside
M,Fly,53.05,54.78,53.25,3,Outside
F,Breast,64.52,64.75,64.98,0,Inside
F,Breast,65.79,65.37,66.23,0,Inside
F,Breast,68.86,68.66,67.99,1,Outside
F,Breast,69.25,69.67,68.76,1,Outside
F,Breast,69.34,68.69,67.62,0,Inside
F,Breast,69.27,69.55,68.69,1,Inside
F,Breast,71.25,71.39,68.78999999999999,1,Outside
F,Breast,70.77,73.46000000000001,72.2,2,Outside
M,Breast,55.74,54.93,54.19,0,Inside
M,Breast,56.01,56.22,56.14,0,Inside
M,Breast,57.79,57.09,56.79,1,Outside
M,Breast,57.7,58.05,57.15,1,Outside
M,Breast,57.87,57.57,58.16,1,Inside
M,Breast,57.82,58.04,58.19,1,Inside
M,Breast,59.17,59.67,57.9,1,Outside
M,Breast,59.37,60.71,59.06,2,Outside
F,Back,56.46,54.77,55.72,0,Inside
F,Back,58.37,57.78,58.76,0,Inside
F,Back,60.77,60.12,59.98,1,Outside
F,Back,60.5,60.15,60.31,1,Outside
F,Back,60.86,60.37,60.74,1,Inside
F,Back,61.05,61.43,60.99,2,Inside
F,Back,62.96,62.39,59.98,1,Outside
F,Back,63.04,63.92,62.26,2,Outside
M,Back,51.1,50.2,50.79,0,Inside
M,Back,51.2,51.27,50.36,0,Inside
M,Back,53.02,52.95,53.14,1,Outside
M,Back,53.41,53.28,52.58,0,Outside
M,Back,53.62,53.85,52.89,1,Inside
M,Back,54.76,54.24,53.05,1,Outside
M,Back,54.58,54.31,54.01,2,Outside
M,Back,53.49,54.49,53.78,2,Inside
F,Free,52.06,51.84,52.81,0,Inside
F,Free,53.92,53.73,54.7,2,Inside
F,Free,54.35,54.65,54.42,1,Outside
F,Free,54.36,54.79,53.97,0,Outside
F,Free,54.75,54.47,54.11,1,Inside
F,Free,54.75,55.24,53.67,0,Inside
F,Free,55.62,55.38,55.55,3,Outside
F,Free,55.86,55.87,54.84,2,Outside
M,Free,45.66,44.93,45.52,0,Inside
M,Free,45.65,45.38,46.14,1,Inside
M,Free,46.26,46.4,45.85,0,Outside
M,Free,46.47,46.57,46.22,1,Outside
M,Free,46.79,46.37,46.13,1,Inside
M,Free,46.61,46.67,47.35,3,Inside
M,Free,47.72,47.45,46.22,1,Outside
M,Free,47.51,47.91,46.39,2,Outside
F,Fly,61.71,61.04,62.01,0,Inside
F,Fly,65.91,66.41,66.13,0,Inside
F,Fly,83.63,83.42,89.06,1,Outside
F,Fly,86.19,84.06,89.39,1,Outside
M,Fly,54.68,53.59,53.25,0,Inside
M,Fly,55.94,55.06,55.41,0,Inside
M,Fly,62.15,61.4,59.0,1,Outside
M,Fly,72.21000000000001,71.03999999999999,82.92,2,Outside
F,Breast,73.5,72.6,75.28999999999999,0,Inside
F,Breast,74.83,73.31,76.7,0,Inside
F,Breast,81.91,82.96000000000001,85.16,1,Outside
F,Breast,87.12,85.35,86.85,1,Outside
F,Breast,88.22,86.38,89.08,1,Inside
F,Breast,88.91,87.28,89.89,1,Inside
M,Breast,60.0,59.78,61.12,0,Inside
M,Breast,63.2,62.27,66.02,0,Inside
M,Breast,69.49,68.17,70.9,1,Outside
M,Breast,71.7,69.93,77.8,2,Outside
M,Breast,72.5,73.61,73.22,1,Inside
M,Breast,76.65,75.21000000000001,80.05,2,Inside
F,Back,64.96,61.75,66.36,0,Inside
F,Back,65.5,66.48,67.36,0,Inside
F,Back,76.35,73.39,75.73,0,Outside
F,Back,78.1,75.98,77.82,1,Outside
F,Back,80.43,79.99,77.61,1,Inside
F,Back,81.57,82.12,80.97,1,Inside
F,Back,95.93,97.07,114.09,2,Outside
F,Back,102.0,97.22999999999999,108.00999999999999,2,Outside
F,Back,123.6,126.66,109.0,2,Inside
M,Back,58.91,54.85,60.18,1,Inside
M,Back,59.93,60.64,62.1,2,Inside
M,Back,78.93,76.53999999999999,82.21000000000001,3,Outside
F,Free,56.89,55.72,56.6,0,Inside
F,Free,58.47,56.86,58.27,0,Inside
F,Free,63.93,61.22,62.2,0,Outside
F,Free,64.99,65.2,64.2,0,Outside
F,Free,69.33,66.89,69.21000000000001,1,Inside
F,Free,67.8,67.95,67.31,1,Inside
F,Free,74.66,73.5,75.88,2,Outside
F,Free,76.21000000000001,75.28999999999999,80.14,2,Outside
F,Free,80.99,78.07,79.7,2,Outside
F,Free,77.18,78.25,81.71000000000001,3,Inside
F,Free,78.57,81.89,81.62,3,Inside
F,Free,84.53,85.43,84.83,3,Outside
M,Free,50.37,49.31,51.96,0,Inside
M,Free,50.28,49.82,53.0,1,Inside
M,Free,52.6,51.48,51.48,0,Outside
M,Free,55.03,53.4,54.91,1,Outside
M,Free,56.46,57.66,57.42,1,Inside
M,Free,65.19,68.6,80.0,2,Inside
M,Free,78.32,76.15,81.67,2,Outside
M,Free,78.41,77.81,77.82,2,Outside
F,Fly,59.34,57.11,59.77,0,Inside
F,Fly,61.38,60.9,61.75,0,Inside
F,Fly,65.67,64.49,67.89,1,Outside
F,Fly,66.31,66.9,68.68,1,Outside
F,Fly,66.45,66.66,70.53,1,Inside
F,Fly,68.88,68.68,70.71000000000001,1,Inside
F,Fly,82.0,78.09,92.81,2,Outside
F,Fly,88.86,87.77,92.21000000000001,2,Outside
M,Fly,51.69,52.08,51.77,0,Inside
M,Fly,53.66,53.41,55.35,0,Inside
M,Fly,56.37,55.41,58.49,0,Outside
M,Fly,57.93,57.44,58.58,1,Outside
M,Fly,60.87,58.61,63.04,1,Inside
M,Fly,60.03,59.66,58.55,1,Inside
M,Fly,69.02,68.53,75.41,2,Outside
M,Fly,75.31,75.49,76.49,2,Outside
F,Breast,64.98,64.99,68.9,0,Inside
F,Breast,69.88,67.62,71.0,0,Inside
F,Breast,72.53,71.87,76.64,1,Outside
F,Breast,72.58,73.76,82.86,2,Outside
F,Breast,78.36,77.6,79.5,1,Inside
F,Breast,88.32,85.82,89.51,2,Inside
F,Breast,87.49,87.15,88.65,2,Outside
F,Breast,87.68,88.41,92.91,3,Outside
M,Breast,58.31,57.15,59.16,0,Inside
M,Breast,64.52,61.92,65.85,0,Outside
M,Breast,65.06,64.03,71.58,2,Outside
M,Breast,65.96,63.78,68.0,1,Inside
M,Breast,66.2,67.53,72.0,2,Inside
M,Breast,73.24,72.47,77.99,2,Outside
M,Breast,73.03,73.51,70.11,1,Outside
F,Back,58.3,55.72,56.84,0,Inside
F,Back,60.88,59.73,63.26,0,Inside
F,Back,68.92,66.79,70.38,0,Outside
F,Back,71.46000000000001,70.71000000000001,75.56,1,Outside
F,Back,73.76,70.64,73.2,1,Inside
F,Back,73.32,72.48,78.19,2,Inside
F,Back,85.22,89.0,85.28999999999999,2,Outside
F,Back,93.22999999999999,91.66,91.66,2,Outside
M,Back,54.1,53.6,54.3,0,Inside
M,Back,55.23,54.87,58.7,0,Inside
M,Back,61.02,58.44,60.34,0,Outside
M,Back,64.54,64.55,64.45,1,Outside
M,Back,66.48,63.12,64.12,1,Inside
M,Back,70.71000000000001,69.1,69.51,1,Inside
M,Back,78.35,78.52,80.66,2,Outside
M,Back,80.45,83.53999999999999,86.22,2,Outside
F,Free,55.54,55.27,57.72,0,Inside
F,Free,56.76,55.74,60.83,1,Inside
F,Free,59.03,57.89,58.73,0,Outside
F,Free,61.13,59.76,61.1,1,Outside
F,Free,61.43,60.61,61.93,1,Inside
F,Free,62.16,64.89,63.26,1,Inside
F,Free,66.35,66.07,68.2,2,Outside
F,Free,68.51,68.2,72.13,3,Outside
M,Free,47.27,47.03,47.69,0,Inside
M,Free,47.9,47.95,49.75,0,Inside
M,Free,49.99,49.74,52.26,1,Outside
M,Free,49.8,50.37,50.61,0,Outside
M,Free,50.71,50.92,50.79,1,Inside
M,Free,50.98,51.58,53.2,2,Inside
M,Free,52.83,52.48,52.41,3,Outside
M,Free,52.67,53.16,52.0,1,Outside
F,Fly,62.45,60.27,64.66,0,Inside
F,Fly,62.81,61.85,63.64,0,Inside
F,Fly,67.71,67.71,69.87,0,Outside
F,Fly,68.81,68.01,70.58,1,Outside
F,Fly,69.33,66.68,72.18,1,Inside
F,Fly,70.86,70.24,72.57,1,Inside
F,Fly,85.08,84.18,88.2,2,Outside
F,Fly,89.48,92.31,92.9,2,Outside
M,Fly,53.02,53.05,54.11,0,Inside
M,Fly,55.06,54.01,55.36,3,Outside
M,Fly,55.35,54.6,57.09,1,Outside
M,Fly,53.77,54.77,55.93,0,Inside
M,Fly,55.74,53.88,55.42,0,Inside
M,Fly,57.25,58.18,58.89,1,Inside
M,Fly,60.97,58.5,62.18,2,Outside
M,Fly,61.44,60.53,66.21,3,Outside
F,Breast,70.25,67.99,70.44,0,Inside
F,Breast,72.18,71.85,75.55,0,Inside
F,Breast,77.22,77.41,82.01,1,Outside
F,Breast,81.08,79.68,83.62,1,Outside
F,Breast,82.71000000000001,81.68,82.97,1,Inside
F,Breast,82.62,82.0,86.12,2,Inside
F,Breast,90.9,89.39,91.13,2,Outside
F,Breast,91.1,93.28,92.97999999999999,3,Outside
M,Breast,57.69,56.9,59.69,0,Inside
M,Breast,60.48,58.89,61.2,0,Inside
M,Breast,63.02,63.36,66.02,0,Outside
M,Breast,63.45,64.49,67.21,1,Outside
M,Breast,64.86,63.68,67.87,1,Inside
M,Breast,63.76,64.37,65.15,0,Inside
M,Breast,67.65,68.26,71.03999999999999,2,Outside
M,Breast,70.45,69.31,70.39,2,Outside
F,Back,62.32,59.37,63.38,0,Inside
F,Back,62.69,63.04,64.47,0,Inside
F,Back,70.01,69.89,72.43,1,Outside
F,Back,71.59,71.14,71.37,1,Outside
F,Back,74.85,74.05,76.36,1,Inside
F,Back,74.42,77.55,75.66,1,Inside
F,Back,84.37,83.38,86.92,2,Outside
F,Back,84.66,86.44,93.00999999999999,2,Outside
M,Back,52.34,50.79,51.68,0,Inside
M,Back,53.35,51.98,54.53,0,Inside
M,Back,61.05,59.71,64.03,1,Outside
M,Back,61.22,60.91,62.32,1,Outside
M,Back,61.43,59.96,64.55,1,Inside
M,Back,62.08,61.03,66.68,1,Inside
M,Back,72.55,72.19,74.73,2,Outside
M,Back,85.66,85.89,83.86,2,Outside
F,Free,54.08,53.26,54.08,0,Inside
F,Free,56.04,54.42,56.16,0,Inside
F,Free,58.87,57.5,60.26,0,Outside
F,Free,59.99,59.67,61.71,1,Outside
F,Free,60.65,59.86,63.65,1,Inside
F,Free,60.92,60.34,62.6,1,Inside
F,Free,64.44,62.86,64.21,2,Outside
F,Free,70.95,68.9,74.19,2,Outside
M,Free,47.9,45.68,48.37,0,Inside
M,Free,48.18,47.58,49.59,0,Inside
M,Free,50.05,50.37,51.46,1,Outside
M,Free,50.26,51.01,51.62,1,Outside
M,Free,50.87,49.87,51.33,0,Inside
M,Free,50.6,50.64,52.2,1,Inside
M,Free,53.72,52.49,54.06,2,Outside
M,Free,52.64,52.88,52.78,2,Outside
F,Fly,59.87,58.47,60.45,0,Inside
F,Fly,62.47,61.38,66.85,1,Inside
F,Fly,68.7,68.47,72.34,2,Outside
F,Fly,70.37,68.96000000000001,71.23,1,Outside
F,Fly,72.98,70.55,72.28999999999999,1,Inside
F,Fly,73.95,72.41,74.76,2,Inside
F,Fly,81.23,79.16,79.15,3,Outside
M,Fly,53.03,52.26,55.64,0,Inside
M,Fly,53.91,52.86,54.54,0,Inside
M,Fly,57.23,57.17,58.07,1,Outside
M,Fly,58.21,57.19,58.6,1,Outside
M,Fly,58.57,55.68,59.94,1,Inside
M,Fly,58.33,58.57,60.23,1,Inside
M,Fly,63.48,64.27,62.33,2,Outside
M,Fly,67.16,65.71,70.12,2,Outside
F,Breast,69.68,68.78999999999999,71.49,0,Inside
F,Breast,70.1,68.86,73.34,0,Inside
F,Breast,76.38,74.69,77.09,0,Outside
F,Breast,78.42,78.61,78.84,1,Outside
F,Breast,79.41,78.2,80.05,1,Inside
F,Breast,80.08,79.33,79.77,1,Inside
F,Breast,83.95,82.81,86.88,2,Outside
F,Breast,83.98,84.4,85.72,2,Outside
M,Breast,57.83,58.01,59.92,0,Inside
M,Breast,57.9,58.7,59.11,0,Inside
M,Breast,63.62,62.61,64.88,1,Outside
M,Breast,63.88,63.84,66.11,1,Outside
M,Breast,66.68,66.97,69.48,1,Inside
M,Breast,67.43,69.36,70.77,1,Inside
M,Breast,73.19,70.28,83.68,2,Outside
M,Breast,83.28999999999999,81.99,87.51,2,Outside
F,Back,60.99,61.11,64.53,0,Inside
F,Back,63.18,62.32,64.3,0,Inside
F,Back,68.11,65.51,67.11,0,Outside
F,Back,67.87,67.5,70.86,1,Outside
F,Back,69.39,68.7,71.62,1,Inside
F,Back,70.39,70.01,69.95,1,Inside
F,Back,72.18,72.72,75.89,2,Outside
F,Back,72.91,74.2,72.33,2,Outside
M,Back,53.75,53.07,54.31,0,Inside
M,Back,54.37,54.51,58.11,1,Inside
M,Back,61.09,61.51,64.24,1,Outside
M,Back,62.88,61.99,65.32,2,Outside
M,Back,63.78,62.83,65.31,2,Inside
M,Back,64.2,63.7,65.48,2,Inside
F,Free,53.94,53.92,54.72,0,Inside
F,Free,55.17,54.5,56.01,0,Inside
F,Free,57.27,56.43,58.31,1,Outside
F,Free,57.44,57.35,57.75,0,Outside
F,Free,58.13,56.58,57.97,1,Inside
F,Free,58.46,58.88,60.78,2,Inside
F,Free,63.07,61.89,61.87,2,Outside
F,Free,62.12,62.71,61.68,2,Outside
F,Free,65.41,62.3,64.82,3,Inside
F,Free,63.21,62.36,64.33,2,Inside
F,Free,67.33,66.16,71.36,1,Outside
F,Free,67.54,70.05,71.21000000000001,0,Outside
M,Free,46.84,46.14,46.18,0,Inside
M,Free,46.7,46.85,47.46,0,Inside
M,Free,49.11,48.34,49.0,0,Outside
M,Free,49.33,48.39,49.01,1,Outside
M,Free,49.53,49.81,51.06,1,Inside
M,Free,49.97,49.94,51.22,1,Inside
M,Free,56.64,57.48,57.73,2,Outside
M,Free,58.95,58.96,61.91,2,Outside
F,Fly,59.79,59.75,62.71,0,Inside
F,Fly,60.11,60.69,60.77,0,Inside
F,Fly,62.45,61.56,64.92,1,Outside
F,Fly,61.88,61.59,66.24,1,Outside
F,Fly,63.82,62.19,66.13,1,Inside
F,Fly,63.75,62.36,65.59,1,Inside
F,Fly,67.51,68.01,68.82,2,Outside
F,Fly,69.75,70.08,70.75,2,Outside
M,Fly,51.42,51.47,51.18,0,Inside
M,Fly,51.21,51.6,55.61,1,Inside
M,Fly,52.62,52.69,54.03,0,Outside
M,Fly,54.55,54.76,55.21,1,Outside
M,Fly,55.91,54.15,57.1,1,Inside
M,Fly,54.9,54.47,55.02,1,Inside
M,Fly,58.12,56.5,59.57,2,Outside
M,Fly,58.65,58.21,59.17,2,Outside
F,Breast,67.37,65.67,66.75,0,Inside
F,Breast,67.21,66.13,68.62,0,Inside
F,Breast,73.14,72.89,77.22,1,Outside
F,Breast,73.12,73.35,77.64,1,Outside
F,Breast,73.55,72.84,74.5,1,Inside
F,Breast,73.5,73.35,76.74,1,Inside
F,Breast,78.08,77.22,75.81,1,Outside
F,Breast,78.55,78.27,82.27,2,Outside
M,Breast,57.03,56.79,59.16,0,Inside
M,Breast,56.68,56.86,58.54,0,Inside
M,Breast,59.94,59.01,65.23,2,Outside
M,Breast,60.0,59.45,60.0,0,Outside
M,Breast,60.79,59.39,61.37,0,Inside
M,Breast,61.37,61.04,63.12,1,Inside
M,Breast,64.6,64.64,71.12,3,Outside
M,Breast,67.37,67.43,69.86,2,Outside
F,Back,59.17,59.51,60.13,0,Inside
F,Back,59.99,60.19,62.94,0,Inside
F,Back,65.71,65.15,68.0,1,Outside
F,Back,66.57,66.18,67.85,1,Outside
F,Back,67.05,65.22,77.0,3,Inside
F,Back,67.13,66.18,67.07,1,Inside
F,Back,71.02,70.62,71.65,2,Outside
F,Back,71.44,72.01,76.15,2,Outside
M,Back,54.43,52.58,58.06,0,Inside
M,Back,55.0,54.85,57.57,0,Inside
M,Back,59.52,59.5,65.07,1,Outside
M,Back,58.95,60.61,61.71,1,Outside
M,Back,59.86,58.7,63.65,1,Inside
M,Back,61.22,61.44,64.19,1,Inside
M,Back,66.04,65.04,68.5,2,Outside
M,Back,79.46000000000001,83.45,86.64,3,Outside
F,Free,54.39,53.67,55.16,0,Inside
F,Free,54.8,54.44,56.59,0,Inside
F,Free,56.09,54.7,58.89,1,Outside
F,Free,56.24,56.6,58.58,1,Outside
F,Free,56.34,56.15,57.26,0,Inside
F,Free,56.58,56.28,58.44,1,Inside
F,Free,58.53,58.47,60.3,2,Outside
F,Free,58.59,58.8,60.57,2,Outside
M,Free,46.46,45.85,48.88,1,Inside
M,Free,45.98,46.18,47.52,0,Inside
M,Free,47.49,47.14,47.39,0,Outside
M,Free,48.2,47.7,48.07,0,Outside
M,Free,48.49,47.92,49.37,1,Inside
M,Free,48.64,49.07,49.92,1,Inside
M,Free,50.04,50.14,51.59,2,Outside
M,Free,50.39,50.29,50.17,2,Outside
F,Fly,59.78,58.82,62.68,0,Inside
F,Fly,62.28,60.04,63.85,0,Inside
F,Fly,66.76,66.75,66.94,1,Outside
F,Fly,71.67,72.66,74.26,1,Outside
F,Fly,74.25,71.31,75.24,2,Inside
F,Fly,74.15,72.97,75.1,2,Inside
M,Fly,49.7,50.14,50.92,0,Inside
M,Fly,50.88,50.75,52.18,0,Inside
M,Fly,52.79,52.59,55.88,1,Outside
M,Fly,53.03,53.93,56.73,1,Outside
M,Fly,53.9,53.71,55.46,1,Inside
M,Fly,53.95,54.24,56.98,1,Inside
M,Fly,59.23,58.11,61.68,2,Outside
M,Fly,59.94,61.42,63.16,2,Outside
F,Breast,67.52,67.1,72.28999999999999,0,Inside
F,Breast,74.83,73.08,75.59,0,Inside
F,Breast,82.44,82.6,90.87,2,Outside
F,Breast,81.48,83.06,85.27,1,Outside
F,Breast,84.99,85.81,89.37,2,Inside
F,Breast,87.23,87.1,88.43,1,Inside
M,Breast,54.72,54.19,56.33,0,Inside
M,Breast,57.16,56.74,58.08,0,Inside
M,Breast,60.78,59.41,63.93,1,Outside
M,Breast,61.63,60.87,64.27,1,Outside
M,Breast,61.91,61.15,63.59,0,Inside
M,Breast,62.9,62.0,64.65,1,Inside
M,Breast,72.67,68.51,71.56,2,Outside
F,Back,58.57,58.2,60.31,0,Inside
F,Back,61.73,59.98,64.56,0,Inside
F,Back,66.58,66.56,68.82,1,Outside
F,Back,66.79,66.78,72.96000000000001,1,Outside
F,Back,66.92,65.75,69.86,1,Inside
F,Back,68.76,67.79,69.2,1,Inside
F,Back,72.45,72.13,76.4,2,Outside
F,Back,72.59,73.22,78.36,2,Outside
M,Back,50.7,50.36,53.16,0,Inside
M,Back,51.44,51.55,52.09,0,Inside
M,Back,57.06,56.24,58.99,1,Outside
M,Back,59.41,58.42,61.49,2,Outside
M,Back,59.42,58.13,61.09,1,Inside
M,Back,63.81,63.63,67.25,2,Inside
F,Free,53.86,52.82,56.69,0,Inside
F,Free,54.52,54.02,57.53,0,Inside
F,Free,57.7,57.62,59.51,1,Outside
F,Free,58.19,58.47,59.8,1,Outside
F,Free,58.71,58.26,60.14,1,Inside
F,Free,59.13,59.0,66.87,2,Inside
F,Free,63.31,62.83,66.04,2,Outside
F,Free,64.6,63.3,64.79,2,Outside
M,Free,45.57,45.38,46.36,0,Inside
M,Free,46.01,45.52,46.29,0,Inside
M,Free,46.6,46.13,47.93,0,Outside
M,Free,46.6,46.28,49.61,1,Outside
M,Free,47.42,47.03,48.62,1,Inside
M,Free,47.16,47.1,49.5,1,Inside
M,Free,51.45,49.83,51.79,2,Outside
M,Free,51.58,51.99,54.66,2,Outside
F,Fly,59.77,58.03,58.38,0,Inside
F,Fly,61.52,60.14,62.1,1,Inside
F,Fly,103.25,99.43,104.83,3,Outside
M,Fly,54.49,53.08,54.34,0,Inside
M,Fly,54.03,53.19,54.56,0,Inside
M,Fly,55.96,53.99,55.83,0,Outside
M,Fly,56.1,55.09,59.6,2,Outside
M,Fly,56.29,57.95,55.89,1,Inside
M,Fly,60.78,59.8,62.25,2,Inside
F,Breast,73.68,69.68,72.05,0,Inside
F,Breast,71.93,70.09,73.98,0,Inside
F,Breast,108.62,104.64,102.22999999999999,1,Outside
F,Breast,107.53999999999999,109.75999999999999,116.85,1,Outside
F,Breast,121.06,122.98,124.28,2,Inside
M,Breast,61.96,58.19,60.67,0,Inside
M,Breast,63.64,64.1,67.71,0,Inside
M,Breast,70.77,70.21000000000001,73.4,1,Outside
M,Breast,71.07,71.02,73.75,2,Outside
F,Back,63.15,60.74,62.56,0,Inside
F,Back,69.03,65.8,69.86,0,Inside
F,Back,84.78999999999999,80.28,82.0,1,Outside
F,Back,112.78999999999999,106.99000000000001,111.03999999999999,2,Outside
M,Back,56.62,54.01,56.39,0,Inside
M,Back,57.86,56.5,57.97,0,Inside
F,Free,54.03,52.81,52.83,0,Inside
F,Free,55.14,53.89,55.1,0,Inside
F,Free,69.1,69.25,68.99,1,Outside
F,Free,70.16,68.66,72.89,1,Inside
F,Free,75.59,75.52,80.3,2,Inside
M,Free,48.12,47.35,49.26,0,Inside
M,Free,48.15,48.06,49.43,0,Inside
M,Free,50.71,50.67,53.02,1,Outside
M,Free,51.56,51.95,53.44,1,Outside
M,Free,51.97,51.27,53.33,1,Inside
M,Free,54.96,53.38,54.54,2,Inside
